customer_id,age,annual_income,credit_score,gender,region,tenure_months
C0000,67.0,29010.45,723.9,F,South,104
C0001,50.0,69297.67,743.9,F,North,15
C0002,53.0,51557.76,,Other,South,99
C0003,64.0,58895.65,761.2,F,East,43
C0004,48.0,73030.79,638.3,M,North,43
C0005,58.0,23803.62,636.1,F,West,21
C0006,61.0,40885.66,716.0,F,North,67
C0007,29.0,58156.03,540.7,F,West,28
C0008,20.0,62057.71,666.8,M,South,23
C0009,33.0,48212.66,607.6,F,South,81
C0010,32.0,73525.23,620.5,M,East,87
C0011,63.0,,510.7,Other,North,115
C0012,65.0,33159.12,578.8,M,East,65
C0013,18.0,38246.25,648.4,F,East,54
C0014,43.0,69498.48,721.1,F,West,83
C0015,60.0,63348.97,729.2,F,South,77
C0016,24.0,20816.9,643.6,F,North,110
C0017,59.0,79258.82,634.9,M,South,91
C0018,24.0,65764.49,583.5,F,North,106
C0019,42.0,79180.17,682.2,M,West,80
C0020,60.0,,630.2,M,North,111
C0021,33.0,49677.29,698.5,F,East,78
C0022,35.0,,790.1,F,South,65
C0023,32.0,100664.73,647.4,M,East,0
C0024,55.0,51841.82,530.2,M,South,34
C0025,31.0,83575.6,581.1,F,East,104
C0026,69.0,43348.74,533.3,M,West,79
C0027,41.0,57949.14,554.2,F,East,19
C0028,42.0,24915.66,754.4,F,East,5
C0029,44.0,48108.39,668.1,F,East,21
C0030,48.0,72707.59,528.4,M,South,23
C0031,46.0,32468.61,702.3,F,West,61
C0032,44.0,74300.1,750.8,F,North,31
C0033,69.0,61070.28,621.2,M,West,70
C0034,59.0,36208.88,595.9,M,North,87
C0035,59.0,,623.0,M,West,90
C0036,54.0,46736.82,672.8,,East,93
C0037,50.0,54108.65,701.2,M,West,35
C0038,35.0,45349.41,744.6,F,North,112
C0039,69.0,,747.0,M,North,113
C0040,42.0,49517.42,744.8,F,North,9
C0041,29.0,36515.98,759.0,F,South,75
C0042,61.0,31788.52,702.9,F,North,50
C0043,26.0,54132.82,527.5,F,West,101
C0044,62.0,70891.74,639.5,F,West,81
C0045,49.0,27471.31,675.1,M,South,57
C0046,23.0,55063.15,619.3,M,South,42
C0047,20.0,43300.79,722.9,F,East,8
C0048,41.0,37411.38,621.2,F,West,42
C0049,19.0,70361.88,575.9,F,North,1
C0050,25.0,45672.95,765.5,M,East,115
C0051,44.0,81969.43,,M,North,76
C0052,68.0,40962.89,667.5,M,South,65
C0053,42.0,61957.04,724.1,F,South,51
C0054,60.0,50908.91,735.0,M,South,77
C0055,65.0,41427.61,677.3,Other,North,52
C0056,60.0,65578.15,453.4,F,West,109
C0057,50.0,52210.31,596.0,M,South,39
C0058,40.0,,613.5,M,West,53
C0059,44.0,54148.75,571.3,M,North,21
C0060,31.0,35455.31,665.9,F,West,85
C0061,43.0,53162.75,745.4,M,West,56
C0062,37.0,55935.19,,M,West,33
C0063,30.0,,559.2,F,South,30
C0064,69.0,38687.16,812.2,F,East,102
C0065,18.0,54292.06,613.9,F,South,107
C0066,23.0,24006.18,551.4,,West,24
C0067,28.0,66726.88,669.0,M,West,21
C0068,68.0,35533.31,684.1,,South,69
C0069,53.0,22485.53,593.6,M,East,116
C0070,63.0,53934.1,713.2,M,West,71
C0071,28.0,74902.33,611.0,F,North,103
C0072,55.0,27559.95,576.2,M,North,91
C0073,37.0,35415.36,664.3,M,North,46
C0074,43.0,41621.05,711.7,F,North,34
C0075,18.0,34669.06,599.3,M,East,92
C0076,50.0,61829.7,676.5,Other,East,68
C0077,61.0,40467.39,642.5,M,North,69
C0078,52.0,42012.73,876.0,M,East,5
C0079,26.0,65499.5,593.3,F,North,55
C0080,45.0,,760.7,F,West,92
C0081,31.0,62790.04,645.8,M,East,97
C0082,68.0,37515.07,639.9,M,South,64
C0083,63.0,33181.51,707.7,M,South,99
C0084,27.0,21961.91,721.5,M,North,96
C0085,44.0,,,M,South,24
C0086,66.0,49235.34,676.3,M,South,86
C0087,62.0,59390.8,602.0,,East,108
C0088,54.0,54441.11,607.0,F,South,57
C0089,51.0,57879.31,,M,East,3
C0090,20.0,,696.5,F,West,117
C0091,56.0,89347.91,761.8,M,North,0
C0092,42.0,36299.32,683.5,F,West,10
C0093,22.0,26965.68,734.8,F,South,58
C0094,30.0,36784.73,771.3,F,North,39
C0095,46.0,30975.24,663.2,F,South,36
C0096,55.0,68445.32,,M,West,112
C0097,44.0,69766.81,555.7,M,West,50
C0098,49.0,37696.32,535.0,M,West,9
C0099,63.0,29972.16,777.3,F,North,57
C0100,53.0,48613.66,582.2,F,North,32
C0101,36.0,,748.5,F,South,56
C0102,51.0,12000.0,696.9,,North,100
C0103,49.0,64479.28,787.2,M,North,108
C0104,23.0,,730.2,M,South,85
C0105,21.0,73726.61,641.8,F,East,110
C0106,52.0,35597.37,634.0,F,East,26
C0107,38.0,49862.52,656.8,M,West,41
C0108,49.0,27886.98,664.0,M,North,94
C0109,34.0,37409.36,607.5,F,North,34
C0110,29.0,79945.1,647.4,F,East,69
C0111,25.0,,778.7,M,West,78
C0112,37.0,47769.97,513.8,F,East,37
C0113,60.0,39336.9,670.7,M,East,23
C0114,38.0,,,F,West,0
C0115,37.0,47914.18,665.0,M,North,48
C0116,47.0,54443.74,717.2,F,East,49
C0117,68.0,,645.4,F,West,86
C0118,38.0,53311.75,711.8,M,West,87
C0119,48.0,34807.43,522.8,M,South,0
C0120,40.0,53807.07,738.6,M,North,57
C0121,49.0,54303.88,601.7,F,West,92
C0122,41.0,78230.12,,M,North,116
C0123,51.0,88601.2,664.6,F,North,88
C0124,46.0,52534.2,443.2,Other,East,34
C0125,53.0,41206.49,589.5,M,South,46
C0126,67.0,53830.32,667.6,M,East,44
C0127,25.0,44062.82,774.3,M,East,29
C0128,47.0,41636.19,673.0,M,North,0
C0129,40.0,53944.3,670.6,M,West,64
C0130,36.0,36220.52,537.0,F,South,32
C0131,30.0,65909.92,764.5,Other,West,35
C0132,20.0,53129.52,794.6,M,East,44
C0133,38.0,,652.3,F,East,98
C0134,60.0,51707.08,632.4,F,South,87
C0135,23.0,41909.42,520.5,M,North,70
C0136,39.0,37936.73,720.7,M,North,87
C0137,68.0,50729.03,866.2,F,South,36
C0138,67.0,45122.31,707.4,Other,South,45
C0139,29.0,,751.1,F,South,96
C0140,18.0,54920.23,693.4,Other,West,74
C0141,52.0,30478.48,571.2,M,West,72
C0142,18.0,56208.18,756.9,M,North,24
C0143,33.0,30828.51,551.2,F,East,15
C0144,43.0,,633.1,F,East,26
C0145,63.0,49701.64,672.3,F,South,49
C0146,22.0,17645.08,720.6,M,South,32
C0147,52.0,56647.13,683.3,M,South,58
C0148,45.0,57717.7,680.9,M,South,32
C0149,24.0,52155.56,589.1,F,West,113
C0150,61.0,47362.29,546.9,M,West,116
C0151,61.0,48275.13,654.9,F,North,38
C0152,43.0,37422.29,593.2,M,North,89
C0153,67.0,50145.39,545.4,M,West,53
C0154,49.0,45052.99,548.7,F,North,95
C0155,65.0,56650.34,610.8,M,East,117
C0156,67.0,33325.55,501.8,M,North,99
C0157,47.0,59240.62,542.2,M,South,51
C0158,32.0,57577.94,519.2,M,North,59
C0159,25.0,52451.87,664.6,M,East,99
C0160,47.0,47094.31,682.6,M,East,44
C0161,28.0,,810.6,F,South,11
C0162,57.0,25037.17,530.2,M,East,45
C0163,66.0,63288.16,595.6,M,North,47
C0164,30.0,59374.67,723.0,F,East,9
C0165,46.0,60100.77,632.7,M,South,22
C0166,20.0,61899.63,623.8,F,South,47
C0167,27.0,43234.4,786.7,F,North,106
C0168,37.0,50329.72,,F,West,48
C0169,63.0,66467.05,557.5,M,North,66
C0170,68.0,62751.51,544.6,F,South,36
C0171,51.0,58720.83,676.9,F,South,26
C0172,48.0,27742.24,674.4,F,East,20
C0173,47.0,64681.97,540.3,F,West,11
C0174,21.0,76050.48,571.2,M,North,8
C0175,37.0,73174.09,692.8,F,North,50
C0176,69.0,59209.8,696.2,M,South,68
C0177,39.0,26961.79,598.5,M,East,11
C0178,29.0,71965.81,699.8,F,North,108
C0179,30.0,52349.42,695.7,F,West,58
C0180,55.0,12000.0,507.4,M,South,105
C0181,19.0,61789.73,625.0,Other,West,87
C0182,68.0,28140.91,683.2,M,West,50
C0183,63.0,31664.07,,F,West,37
C0184,47.0,43570.74,,M,West,32
C0185,42.0,77906.64,627.4,F,East,20
C0186,57.0,48324.78,710.2,F,South,60
C0187,46.0,59877.85,776.4,M,East,43
C0188,42.0,86463.42,474.7,M,North,59
C0189,34.0,83692.54,859.1,M,East,19
C0190,41.0,53139.64,559.8,F,North,81
C0191,57.0,50652.62,726.6,F,East,101
C0192,20.0,32304.33,748.7,M,East,66
C0193,19.0,42499.75,728.6,Other,South,11
C0194,55.0,,662.0,M,West,18
C0195,37.0,62123.15,557.1,F,South,88
C0196,59.0,56984.29,700.1,M,East,37
C0197,19.0,72906.43,592.8,M,North,40
C0198,65.0,41097.38,448.2,M,South,115
C0199,24.0,53990.62,876.3,F,North,87
C0200,39.0,68162.37,706.6,F,West,52
C0201,68.0,65514.63,795.4,F,South,92
C0202,23.0,,577.1,F,East,33
C0203,52.0,62146.37,767.4,F,West,16
C0204,55.0,,777.2,M,East,56
C0205,40.0,61519.46,774.4,F,East,90
C0206,22.0,36953.29,648.3,M,West,33
C0207,45.0,25489.73,553.8,M,North,113
C0208,40.0,65452.09,635.8,F,North,36
C0209,63.0,54007.47,473.8,M,West,68
C0210,53.0,60551.37,513.8,F,West,22
C0211,35.0,24441.68,657.4,M,North,77
C0212,21.0,48427.95,570.7,M,East,22
C0213,48.0,44202.57,636.8,M,West,38
C0214,32.0,,641.3,M,South,7
C0215,53.0,14409.73,804.5,Other,East,20
C0216,62.0,48972.28,753.8,,South,14
C0217,36.0,71151.48,646.4,M,East,89
C0218,64.0,61857.96,746.7,M,South,86
C0219,44.0,44182.96,587.6,F,South,98
C0220,45.0,54732.23,623.0,M,West,37
C0221,57.0,68622.4,,M,West,24
C0222,59.0,12000.0,550.7,M,North,23
C0223,65.0,52758.34,,F,North,13
C0224,69.0,64777.6,544.3,Other,West,10
C0225,25.0,67278.32,659.4,F,North,42
C0226,39.0,85613.14,780.6,M,East,16
C0227,66.0,75430.82,589.8,F,East,75
C0228,33.0,60626.13,668.1,F,East,70
C0229,18.0,60435.57,578.2,M,South,43
C0230,47.0,69165.02,558.0,F,North,14
C0231,57.0,45292.11,551.1,F,South,115
C0232,56.0,54276.62,766.4,F,West,26
C0233,60.0,,839.0,M,East,94
C0234,51.0,90234.01,688.6,F,South,108
C0235,25.0,52133.19,592.7,F,North,109
C0236,62.0,,706.4,M,West,71
C0237,39.0,58572.64,623.3,M,West,71
C0238,62.0,79177.67,714.1,M,North,98
C0239,60.0,,673.3,Other,East,90
C0240,68.0,81448.46,672.4,F,West,80
C0241,18.0,37600.17,698.6,M,North,114
C0242,63.0,51651.35,603.6,M,South,28
C0243,50.0,51433.03,617.7,M,East,4
C0244,43.0,69157.1,512.3,M,West,66
C0245,59.0,73814.69,614.7,F,East,68
C0246,67.0,27830.0,536.2,F,South,102
C0247,44.0,38527.88,638.4,M,East,22
C0248,22.0,61063.34,573.4,M,South,11
C0249,55.0,43143.51,658.1,F,East,95
C0250,29.0,27596.3,686.3,F,North,112
C0251,29.0,73692.64,536.4,M,West,27
C0252,28.0,63891.46,584.9,F,South,29
C0253,28.0,63877.19,574.5,M,North,88
C0254,65.0,46441.98,709.7,F,North,75
C0255,36.0,73520.89,786.5,M,West,39
C0256,23.0,50680.72,718.1,F,West,74
C0257,27.0,74735.84,622.0,M,South,78
C0258,38.0,,767.2,F,West,10
C0259,35.0,39625.56,528.9,M,North,81
C0260,34.0,58683.94,769.9,M,West,74
C0261,67.0,42358.02,597.5,,South,109
C0262,63.0,67158.12,427.6,Other,East,23
C0263,47.0,59681.58,862.1,M,South,104
C0264,69.0,38386.52,776.2,F,North,85
C0265,35.0,56311.58,567.4,M,West,52
C0266,25.0,48677.0,,F,West,1
C0267,32.0,71484.99,632.8,M,East,82
C0268,22.0,43614.05,658.2,F,West,119
C0269,67.0,47094.88,531.3,Other,North,21
C0270,29.0,76802.26,595.5,F,South,16
C0271,41.0,95294.68,687.4,M,East,11
C0272,28.0,90982.16,667.8,F,South,26
C0273,68.0,56138.01,745.9,F,South,85
C0274,26.0,58939.38,,M,North,26
C0275,44.0,82602.26,837.9,F,West,108
C0276,67.0,52760.17,592.7,F,South,105
C0277,45.0,,670.7,F,North,89
C0278,64.0,,496.7,M,North,1
C0279,64.0,63127.3,549.7,F,West,62
C0280,57.0,40075.31,756.3,M,East,24
C0281,56.0,25367.84,574.6,F,West,75
C0282,47.0,29138.87,692.5,F,East,79
C0283,48.0,66977.73,645.1,M,North,87
C0284,61.0,41349.22,566.4,,West,81
C0285,40.0,52455.75,622.1,M,South,68
C0286,67.0,58826.06,,M,North,96
C0287,63.0,66144.54,611.0,M,North,43
C0288,37.0,48971.75,710.3,F,North,105
C0289,39.0,63976.88,702.2,F,East,102
C0290,55.0,38978.91,603.8,F,East,9
C0291,65.0,48489.15,577.4,F,North,44
C0292,23.0,36560.52,672.6,,East,71
C0293,21.0,75371.81,642.0,M,West,108
C0294,30.0,54512.5,732.3,M,West,117
C0295,40.0,41692.47,862.4,F,North,95
C0296,26.0,48657.31,717.4,F,South,10
C0297,45.0,51008.89,647.2,M,East,95
C0298,46.0,,636.2,M,West,6
C0299,67.0,26278.55,581.5,F,East,100
C0300,56.0,36330.29,577.5,Other,East,87
C0301,31.0,48194.07,569.7,M,South,118
C0302,58.0,100581.5,618.4,M,West,100
C0303,59.0,72202.22,615.8,M,North,118
C0304,53.0,52993.87,709.5,M,East,79
C0305,53.0,67815.99,618.1,F,West,60
C0306,34.0,92033.85,634.2,M,East,29
C0307,55.0,50792.61,552.5,F,North,45
C0308,25.0,48404.56,781.6,M,North,4
C0309,50.0,76814.98,690.6,F,South,87
C0310,65.0,63895.16,793.1,F,West,59
C0311,68.0,67084.0,713.8,M,South,116
C0312,33.0,45852.0,769.2,F,North,116
C0313,35.0,89635.66,630.1,M,East,75
C0314,50.0,85772.63,707.4,M,South,111
C0315,38.0,65187.06,866.4,M,South,3
C0316,56.0,67317.22,552.1,M,North,53
C0317,28.0,18509.3,744.1,M,North,4
C0318,26.0,66478.78,785.8,M,South,17
C0319,20.0,51506.05,683.7,M,East,55
C0320,42.0,62810.3,711.2,,North,95
C0321,29.0,67284.27,752.4,F,East,94
C0322,33.0,48856.75,596.4,F,South,86
C0323,65.0,24571.33,683.4,F,East,106
C0324,60.0,,579.0,F,East,118
C0325,61.0,41655.09,594.7,F,South,45
C0326,48.0,,599.5,M,East,16
C0327,23.0,44118.82,638.3,F,South,62
C0328,56.0,48851.66,662.0,F,North,112
C0329,49.0,13428.62,687.0,M,North,61
C0330,65.0,76905.05,533.9,F,East,116
C0331,42.0,59560.23,812.1,F,East,11
C0332,27.0,75005.19,744.7,Other,North,56
C0333,48.0,90637.15,709.5,M,East,0
C0334,41.0,55406.68,620.7,F,North,83
C0335,52.0,22556.15,,F,South,62
C0336,37.0,38910.04,694.9,F,South,31
C0337,33.0,33275.72,683.7,Other,West,60
C0338,24.0,45966.26,512.3,M,East,76
C0339,67.0,56433.66,710.7,F,North,103
C0340,57.0,18960.63,889.1,M,South,119
C0341,42.0,61164.56,498.5,F,West,21
C0342,30.0,27813.58,731.6,M,North,5
C0343,50.0,60352.57,680.3,F,East,102
C0344,39.0,53029.16,640.8,F,South,67
C0345,51.0,49354.64,762.6,F,West,32
C0346,22.0,53685.22,552.9,F,South,77
C0347,27.0,45284.0,,M,West,64
C0348,56.0,43975.51,770.2,M,North,82
C0349,21.0,24710.38,633.8,M,North,84
C0350,53.0,54466.71,615.7,M,South,105
C0351,39.0,88219.61,659.4,F,West,17
C0352,18.0,90648.91,613.5,F,West,102
C0353,57.0,78792.72,777.1,M,South,113
C0354,54.0,67704.43,575.5,Other,West,53
C0355,60.0,42823.36,721.8,F,East,114
C0356,64.0,80969.51,547.1,M,West,75
C0357,55.0,53989.7,,,West,116
C0358,61.0,53760.24,641.4,Other,West,64
C0359,23.0,49757.91,437.6,F,East,0
C0360,65.0,56655.31,649.5,M,South,20
C0361,65.0,,562.3,F,East,77
C0362,54.0,53491.92,613.5,F,West,112
C0363,59.0,35477.22,776.5,F,North,80
C0364,56.0,48274.05,558.1,F,South,81
C0365,63.0,96050.02,562.8,F,East,105
C0366,64.0,53747.31,768.5,M,West,36
C0367,45.0,,659.5,,North,24
C0368,60.0,64582.74,776.8,M,South,106
C0369,65.0,67746.19,676.6,F,South,14
C0370,33.0,34952.16,577.4,F,West,37
C0371,20.0,51271.14,644.5,M,South,97
C0372,26.0,71528.97,751.1,M,North,30
C0373,19.0,59857.08,727.4,F,West,31
C0374,40.0,57195.17,650.1,F,South,106
C0375,19.0,82972.32,654.0,M,East,7
C0376,31.0,42800.09,640.7,M,South,82
C0377,31.0,56489.43,602.4,M,East,11
C0378,54.0,45638.94,808.9,M,West,14
C0379,30.0,81825.55,650.6,F,North,77
C0380,67.0,19866.51,557.0,,North,66
C0381,27.0,42937.45,610.8,M,South,64
C0382,68.0,45475.17,709.7,M,North,31
C0383,47.0,66943.71,702.8,M,West,89
C0384,30.0,65912.96,638.7,F,West,18
C0385,20.0,80113.5,595.0,F,North,96
C0386,33.0,26667.41,652.0,F,South,67
C0387,48.0,68508.55,512.3,M,West,0
C0388,23.0,49720.96,542.9,M,East,59
C0389,26.0,43018.75,715.7,F,South,111
C0390,23.0,64712.23,610.6,,North,59
C0391,53.0,38437.49,680.8,F,South,105
C0392,22.0,,750.2,F,South,4
C0393,19.0,48336.07,703.4,M,East,111
C0394,41.0,28040.12,651.7,F,East,29
C0395,34.0,43319.52,825.0,F,South,92
C0396,47.0,61687.99,704.9,F,North,7
C0397,66.0,60616.0,620.8,F,South,46
C0398,62.0,83564.19,710.2,M,East,85
C0399,45.0,51406.21,683.5,F,South,29
C0400,51.0,27400.03,579.6,M,West,114
C0401,60.0,41390.26,656.0,F,East,109
C0402,40.0,38451.08,636.4,F,West,42
C0403,52.0,33079.15,488.3,M,South,50
C0404,29.0,62836.61,,F,South,119
C0405,49.0,43385.82,626.7,F,North,58
C0406,30.0,19407.29,613.9,M,West,110
C0407,27.0,67544.61,514.7,M,South,83
C0408,57.0,52994.32,620.8,M,West,57
C0409,47.0,61423.07,646.7,M,North,82
C0410,37.0,56902.99,658.4,F,East,64
C0411,20.0,66369.79,556.6,M,South,83
C0412,30.0,,702.0,M,West,45
C0413,59.0,77251.64,,M,South,74
C0414,42.0,62649.69,631.6,F,North,73
C0415,67.0,62057.22,757.3,F,West,61
C0416,64.0,62377.6,593.1,M,East,63
C0417,62.0,28780.52,608.0,M,North,92
C0418,18.0,52036.56,738.3,M,North,24
C0419,20.0,50332.3,618.4,F,South,47
C0420,48.0,58735.84,625.6,M,East,74
C0421,35.0,30543.51,668.2,M,West,31
C0422,61.0,84414.07,736.3,M,North,95
C0423,34.0,56879.0,468.8,M,South,109
C0424,25.0,33196.28,581.9,F,West,60
C0425,23.0,24240.03,567.2,M,West,101
C0426,33.0,49936.83,560.8,M,North,5
C0427,50.0,53385.84,579.8,M,East,86
C0428,24.0,42070.74,581.1,F,West,53
C0429,59.0,56658.05,674.7,M,North,20
C0430,33.0,43458.84,,F,South,103
C0431,34.0,64929.85,660.0,M,South,5
C0432,52.0,41958.25,682.9,M,West,119
C0433,62.0,54307.0,590.2,F,West,110
C0434,40.0,72619.11,660.7,M,East,90
C0435,59.0,101290.04,784.2,M,East,113
C0436,33.0,36862.42,676.4,F,North,84
C0437,24.0,46638.86,597.8,M,East,32
C0438,61.0,39882.96,644.7,F,South,103
C0439,57.0,69117.91,575.0,F,West,75
C0440,57.0,34334.21,672.2,F,North,76
C0441,63.0,46281.57,720.6,M,East,2
C0442,43.0,54467.18,583.0,,East,46
C0443,28.0,37383.79,632.9,M,East,47
C0444,48.0,37768.15,741.0,F,West,37
C0445,47.0,46438.79,609.3,M,West,84
C0446,38.0,17192.08,665.4,F,South,118
C0447,51.0,28981.39,566.3,M,South,43
C0448,31.0,47565.39,583.1,M,South,32
C0449,49.0,57668.15,608.1,M,North,96
C0450,59.0,51656.32,824.1,F,South,45
C0451,23.0,23068.56,617.3,F,South,109
C0452,41.0,46651.85,607.6,M,East,92
C0453,52.0,69371.88,604.9,M,East,16
C0454,20.0,65005.58,636.8,M,West,42
C0455,50.0,53582.54,702.5,M,West,82
C0456,65.0,,665.2,M,East,2
C0457,60.0,66361.89,814.6,M,East,45
C0458,53.0,,667.1,F,South,16
C0459,59.0,33953.53,765.8,F,South,20
C0460,36.0,40560.65,672.1,M,South,101
C0461,35.0,81070.22,,F,West,41
C0462,22.0,58963.24,534.5,F,West,95
C0463,55.0,75866.45,639.8,M,South,57
C0464,34.0,46371.95,644.5,F,East,104
C0465,63.0,71886.69,630.6,F,North,107
C0466,42.0,44172.93,477.8,F,North,89
C0467,64.0,52166.31,720.4,M,East,91
C0468,25.0,,619.0,M,South,15
C0469,26.0,,615.0,M,South,0
C0470,36.0,45978.93,629.6,M,West,105
C0471,19.0,53473.26,631.8,M,North,6
C0472,43.0,60872.02,682.6,F,East,4
C0473,51.0,76788.24,548.3,F,East,119
C0474,52.0,46195.6,575.5,M,South,19
C0475,29.0,23656.26,673.3,M,East,66
C0476,26.0,49966.45,661.6,F,North,4
C0477,47.0,55276.94,619.9,F,West,73
C0478,50.0,56971.68,604.1,Other,West,31
C0479,67.0,78700.42,583.2,M,North,42
C0480,64.0,60700.37,645.3,M,East,4
C0481,37.0,69632.51,744.5,M,West,99
C0482,26.0,,565.4,M,North,118
C0483,31.0,70622.23,771.9,M,West,66
C0484,63.0,92731.96,717.5,F,South,24
C0485,41.0,68912.37,613.8,F,South,71
C0486,69.0,59564.0,712.6,M,West,21
C0487,52.0,57771.79,532.7,F,South,29
C0488,48.0,87168.56,511.5,M,North,92
C0489,23.0,38310.73,546.8,F,East,93
C0490,48.0,53000.16,617.2,M,East,17
C0491,37.0,63283.74,624.0,M,South,25
C0492,61.0,68392.02,608.8,F,East,110
C0493,24.0,47128.1,658.0,,North,16
C0494,27.0,60531.79,479.2,M,East,51
C0495,52.0,49997.41,689.6,M,West,71
C0496,53.0,57168.48,536.5,F,West,4
C0497,61.0,52622.35,597.1,F,North,99
C0498,45.0,34451.31,617.0,M,West,85
C0499,37.0,54619.96,557.5,M,South,35
C0500,33.0,70788.73,540.3,M,North,119
C0501,37.0,37593.67,569.5,M,South,36
C0502,52.0,50660.35,649.0,F,South,92
C0503,46.0,66966.04,697.2,M,West,17
C0504,33.0,35742.43,695.1,M,South,91
C0505,29.0,58287.49,570.4,M,East,72
C0506,54.0,35917.66,586.7,F,East,97
C0507,30.0,75423.35,,M,South,92
C0508,28.0,96630.78,686.0,F,North,77
C0509,35.0,91400.6,,M,West,15
C0510,62.0,51054.75,749.1,M,South,54
C0511,41.0,68323.58,611.2,M,South,64
C0512,48.0,57177.96,587.3,F,South,112
C0513,22.0,56837.91,677.2,F,East,64
C0514,35.0,82859.63,732.6,F,North,109
C0515,57.0,31254.77,677.4,M,North,12
C0516,58.0,73995.3,734.2,F,West,40
C0517,48.0,54118.43,660.7,F,West,63
C0518,63.0,80353.73,748.4,F,East,100
C0519,33.0,58370.2,749.6,M,West,32
C0520,26.0,42891.9,642.0,M,South,53
C0521,22.0,,765.1,M,West,23
C0522,28.0,68247.41,663.2,M,West,103
C0523,57.0,55643.75,657.0,Other,South,118
C0524,65.0,63784.69,576.3,M,East,101
C0525,24.0,45609.85,626.9,F,North,10
C0526,44.0,16590.09,712.2,F,South,83
C0527,24.0,71200.42,545.0,M,East,41
C0528,61.0,,,F,North,64
C0529,24.0,57667.21,677.9,M,West,74
C0530,51.0,56231.39,672.2,F,West,71
C0531,22.0,73653.32,473.5,M,South,48
C0532,56.0,46772.08,641.7,F,South,66
C0533,65.0,42282.39,701.9,F,North,2
C0534,56.0,51606.1,589.0,F,South,70
C0535,32.0,76403.75,657.2,M,North,103
C0536,61.0,30031.97,459.8,M,West,107
C0537,33.0,76452.94,703.7,M,West,28
C0538,57.0,43493.45,,F,North,13
C0539,61.0,35186.62,719.7,F,North,49
C0540,43.0,77681.11,502.6,M,North,38
C0541,50.0,53255.98,705.4,M,North,109
C0542,62.0,31595.78,631.0,M,East,85
C0543,27.0,48542.8,714.6,,North,116
C0544,19.0,71758.94,575.9,M,North,60
C0545,40.0,76457.34,600.5,F,West,109
C0546,27.0,47312.22,829.4,M,East,84
C0547,63.0,62313.77,,F,South,49
C0548,63.0,67853.52,593.5,M,North,3
C0549,37.0,43396.72,627.9,F,East,89
C0550,34.0,61390.65,568.2,M,South,9
C0551,54.0,54426.2,745.2,M,East,101
C0552,41.0,45351.56,788.0,M,West,34
C0553,23.0,46141.34,593.7,F,South,23
C0554,52.0,56206.62,511.9,M,North,75
C0555,55.0,55537.36,743.8,,East,116
C0556,21.0,44821.18,738.7,M,West,84
C0557,58.0,,715.7,M,South,12
C0558,45.0,75040.07,742.5,M,South,36
C0559,60.0,58848.89,580.6,M,East,78
C0560,62.0,70931.7,,F,West,22
C0561,53.0,,539.3,F,South,28
C0562,35.0,65599.16,536.5,M,South,59
C0563,37.0,95875.95,728.5,F,North,25
C0564,55.0,40144.53,596.2,F,North,63
C0565,21.0,69551.37,832.4,F,East,16
C0566,30.0,49273.41,655.9,F,West,35
C0567,44.0,88404.1,598.8,F,South,113
C0568,67.0,85607.92,713.8,F,South,91
C0569,57.0,19824.2,794.1,M,South,15
C0570,60.0,37560.41,688.9,F,South,37
C0571,27.0,66957.63,552.6,F,West,109
C0572,32.0,69217.61,679.7,M,West,117
C0573,31.0,68258.16,760.0,M,South,19
C0574,56.0,,610.5,M,South,110
C0575,45.0,63192.17,588.1,M,North,39
C0576,28.0,66754.39,731.3,M,North,16
C0577,56.0,53598.32,661.2,F,East,25
C0578,51.0,73491.44,561.8,F,North,63
C0579,64.0,14329.05,619.6,M,East,118
C0580,47.0,,589.5,F,East,115
C0581,24.0,36387.05,673.7,M,North,11
C0582,64.0,72256.2,,F,South,44
C0583,27.0,50883.68,742.0,F,South,103
C0584,20.0,39001.83,706.8,M,North,113
C0585,59.0,61730.24,524.9,F,East,36
C0586,41.0,38596.0,682.6,M,West,29
C0587,51.0,38570.18,721.8,M,South,114
C0588,24.0,26788.7,686.5,F,East,45
C0589,55.0,54519.26,732.4,Other,West,90
C0590,39.0,63942.82,606.0,F,West,41
C0591,69.0,73414.47,573.9,F,West,31
C0592,51.0,52448.9,724.4,F,South,106
C0593,66.0,73861.39,564.8,M,East,61
C0594,59.0,55323.3,477.2,F,North,62
C0595,61.0,53320.81,732.0,M,West,19
C0596,22.0,65324.13,592.1,F,North,30
C0597,58.0,74051.07,625.5,,North,48
C0598,49.0,48854.18,538.2,F,North,60
C0599,38.0,50612.29,544.0,M,North,3
C0600,34.0,52105.03,557.5,M,West,36
C0601,51.0,56489.84,621.1,F,West,81
C0602,28.0,38792.65,679.6,M,East,69
C0603,27.0,73504.11,466.2,M,East,71
C0604,63.0,47792.63,710.2,F,South,106
C0605,57.0,,555.4,F,North,32
C0606,48.0,,564.7,Other,East,5
C0607,57.0,61458.47,704.2,,East,1
C0608,34.0,62048.67,644.0,M,South,107
C0609,55.0,47427.73,527.1,M,East,112
C0610,28.0,91376.01,797.6,F,South,63
C0611,41.0,61678.72,581.2,F,East,14
C0612,25.0,86984.72,669.8,F,West,8
C0613,37.0,72264.5,666.0,F,North,39
C0614,35.0,43079.05,762.9,F,South,13
C0615,39.0,,613.5,F,North,3
C0616,42.0,62849.84,730.6,M,North,32
C0617,19.0,56101.11,590.6,F,South,45
C0618,35.0,,739.8,F,South,99
C0619,61.0,49848.31,589.0,F,North,48
C0620,40.0,22447.43,621.0,Other,North,85
C0621,46.0,50942.21,801.7,F,North,64
C0622,23.0,15073.81,675.4,M,West,100
C0623,38.0,,,F,East,38
C0624,68.0,41930.96,829.4,M,South,116
C0625,46.0,42122.5,678.9,F,South,29
C0626,19.0,51052.53,584.7,F,South,13
C0627,55.0,59908.1,708.8,M,North,94
C0628,58.0,,555.5,M,South,66
C0629,37.0,23525.18,740.3,F,West,33
C0630,19.0,35810.81,746.5,F,North,19
C0631,61.0,18248.9,604.2,F,South,39
C0632,31.0,37596.71,599.8,M,South,76
C0633,65.0,83635.89,664.1,F,West,58
C0634,36.0,35981.45,651.1,F,West,13
C0635,38.0,66725.29,571.8,M,East,32
C0636,59.0,30310.57,695.4,M,East,61
C0637,25.0,60384.16,486.6,M,East,87
C0638,19.0,49244.79,615.4,F,East,69
C0639,57.0,53923.37,617.7,F,South,10
C0640,66.0,65238.0,628.1,F,South,16
C0641,69.0,86612.32,674.6,F,East,38
C0642,24.0,58504.71,551.8,Other,North,84
C0643,25.0,57238.46,697.1,F,North,50
C0644,35.0,37479.38,635.6,F,East,14
C0645,55.0,65500.11,598.0,M,South,30
C0646,65.0,50570.7,540.7,Other,South,70
C0647,60.0,69976.13,555.4,M,West,100
C0648,37.0,54213.28,678.8,F,North,28
C0649,65.0,86335.4,,F,North,42
C0650,31.0,19307.5,655.1,M,West,27
C0651,24.0,49661.21,735.0,M,South,50
C0652,40.0,,732.6,M,South,55
C0653,22.0,48687.54,774.8,Other,East,56
C0654,53.0,40740.88,626.3,M,West,18
C0655,69.0,50214.15,563.2,F,South,99
C0656,23.0,30161.28,731.6,M,South,67
C0657,24.0,57141.17,674.8,F,South,26
C0658,27.0,,739.9,M,West,49
C0659,27.0,75610.57,650.9,F,West,99
C0660,45.0,35037.84,745.7,,North,87
C0661,47.0,39279.86,717.7,F,North,113
C0662,67.0,47714.9,707.3,F,East,67
C0663,41.0,73079.49,690.3,F,North,31
C0664,66.0,40213.23,681.8,M,North,17
C0665,57.0,42575.83,668.6,F,West,20
C0666,62.0,70925.49,668.1,F,West,64
C0667,27.0,70563.75,729.2,M,South,94
C0668,41.0,48271.34,609.0,M,East,80
C0669,65.0,34880.26,788.9,M,South,37
C0670,57.0,27104.59,641.5,M,North,34
C0671,29.0,42418.18,728.8,M,West,27
C0672,61.0,14850.48,642.8,M,North,33
C0673,57.0,68496.76,630.3,M,South,9
C0674,25.0,,812.6,F,North,20
C0675,21.0,63663.29,625.3,F,West,73
C0676,31.0,88629.85,547.8,M,East,27
C0677,42.0,76113.92,592.9,F,West,112
C0678,25.0,34279.57,624.6,M,South,15
C0679,19.0,70646.48,822.4,F,West,105
C0680,23.0,75841.43,666.5,F,East,101
C0681,34.0,41565.58,724.8,M,North,70
C0682,38.0,37840.66,569.9,M,North,33
C0683,34.0,53025.55,678.2,F,North,52
C0684,41.0,26174.38,703.7,F,West,75
C0685,55.0,81473.23,794.1,M,West,117
C0686,30.0,12000.0,594.3,M,West,34
C0687,41.0,35077.47,698.3,F,West,79
C0688,55.0,50147.83,674.2,M,East,100
C0689,20.0,50912.43,568.3,M,North,114
C0690,66.0,57990.24,648.4,Other,South,42
C0691,69.0,59886.07,628.9,M,North,82
C0692,33.0,51154.98,464.0,M,West,62
C0693,64.0,75463.95,697.9,M,North,83
C0694,31.0,16491.23,693.2,M,West,40
C0695,65.0,54997.04,614.9,M,North,84
C0696,52.0,42137.48,542.9,F,South,106
C0697,30.0,57385.24,768.4,F,South,15
C0698,21.0,,671.3,M,East,105
C0699,38.0,38587.08,731.3,F,East,30
C0700,56.0,43462.92,762.8,M,West,3
C0701,29.0,69266.56,608.3,M,East,7
C0702,44.0,61283.01,715.0,M,North,61
C0703,24.0,42755.53,630.7,F,North,111
C0704,40.0,91718.04,645.0,F,South,20
C0705,19.0,96565.2,643.2,M,North,119
C0706,69.0,28675.68,649.9,F,North,9
C0707,44.0,60432.31,739.1,M,North,72
C0708,61.0,100161.9,659.9,F,West,72
C0709,24.0,69110.18,637.7,F,South,18
C0710,26.0,58979.08,627.9,F,East,103
C0711,27.0,51254.98,677.3,F,North,14
C0712,47.0,45258.5,578.4,F,North,18
C0713,62.0,51174.74,609.8,F,West,53
C0714,49.0,45086.87,645.8,M,South,43
C0715,43.0,,604.7,Other,South,46
C0716,66.0,47833.23,640.5,F,North,44
C0717,27.0,47059.27,601.1,F,North,23
C0718,26.0,33361.11,810.3,F,North,72
C0719,52.0,54107.38,756.3,M,East,10
C0720,62.0,38905.81,686.0,F,North,69
C0721,31.0,51746.5,645.7,M,West,77
C0722,31.0,73752.68,825.3,F,South,50
C0723,45.0,61586.65,675.8,F,West,95
C0724,58.0,,643.1,F,South,75
C0725,32.0,61409.64,674.3,M,East,7
C0726,60.0,56065.16,674.5,F,East,47
C0727,44.0,52708.09,762.8,M,South,37
C0728,54.0,49459.49,648.5,M,North,37
C0729,50.0,68664.11,817.9,F,South,36
C0730,42.0,35483.68,579.4,F,South,94
C0731,45.0,79133.01,705.5,M,South,65
C0732,69.0,55613.41,,M,North,26
C0733,38.0,41523.39,795.4,F,West,72
C0734,67.0,46195.37,623.6,F,South,48
C0735,59.0,42814.17,645.3,F,West,49
C0736,27.0,57883.72,723.9,M,East,14
C0737,63.0,,750.4,,South,103
C0738,37.0,75558.36,561.0,M,East,105
C0739,27.0,40930.5,622.3,M,West,46
C0740,31.0,14094.61,538.4,,North,36
C0741,25.0,41842.03,661.0,M,East,36
C0742,35.0,18846.62,641.9,M,South,58
C0743,23.0,54282.36,622.1,M,East,92
C0744,46.0,74064.84,595.2,M,South,105
C0745,68.0,66659.68,619.1,F,South,101
C0746,68.0,30923.39,590.3,F,South,77
C0747,66.0,41279.4,692.3,M,North,105
C0748,30.0,87015.4,771.3,F,East,7
C0749,29.0,60733.21,495.5,M,North,20
C0750,53.0,55074.14,,M,West,37
C0751,68.0,74009.13,,M,West,23
C0752,60.0,99149.34,689.4,F,North,86
C0753,28.0,78338.32,573.9,M,West,55
C0754,56.0,57509.47,638.3,M,South,25
C0755,44.0,61384.39,566.8,F,West,116
C0756,41.0,66107.44,705.7,M,East,31
C0757,43.0,43971.43,657.9,M,West,74
C0758,46.0,35943.05,637.1,F,West,71
C0759,65.0,55944.08,,F,West,74
C0760,59.0,37950.2,630.3,F,South,101
C0761,20.0,53893.68,525.7,M,South,39
C0762,57.0,56730.21,,M,South,53
C0763,34.0,,673.1,F,West,118
C0764,35.0,39681.1,637.7,F,North,61
C0765,49.0,52807.8,728.8,M,North,21
C0766,69.0,52042.55,747.5,F,North,6
C0767,21.0,,562.6,F,East,67
C0768,44.0,73841.04,587.5,M,South,18
C0769,30.0,46171.3,773.8,M,North,80
C0770,65.0,,,Other,South,59
C0771,42.0,25467.21,590.9,M,West,97
C0772,62.0,38328.32,555.5,F,South,7
C0773,63.0,64655.94,599.0,F,West,97
C0774,23.0,55821.65,,M,South,101
C0775,57.0,36722.19,523.3,M,North,46
C0776,59.0,48290.19,652.5,F,North,71
C0777,61.0,55566.51,547.6,M,West,32
C0778,69.0,64066.22,553.2,F,South,67
C0779,57.0,44318.9,723.3,F,West,117
C0780,61.0,50492.08,595.3,F,East,4
C0781,54.0,22268.17,644.3,F,North,66
C0782,33.0,34275.06,700.3,F,East,75
C0783,62.0,84118.88,715.1,F,East,33
C0784,54.0,15613.47,623.0,,North,20
C0785,53.0,48919.55,653.5,F,South,16
C0786,68.0,58945.57,584.0,M,South,12
C0787,56.0,48261.71,789.8,M,East,96
C0788,35.0,40453.16,702.0,M,East,65
C0789,33.0,53900.59,561.7,F,West,101
C0790,35.0,54910.62,650.3,M,North,53
C0791,26.0,53521.89,707.1,F,East,68
C0792,22.0,21201.18,688.4,M,North,113
C0793,57.0,52346.73,796.3,M,North,46
C0794,58.0,39607.97,,F,South,60
C0795,26.0,45140.75,606.9,F,East,79
C0796,38.0,59085.55,642.9,M,North,77
C0797,65.0,66533.12,547.5,F,East,117
C0798,61.0,71141.99,670.0,M,West,98
C0799,49.0,,662.1,F,North,69
