transaction_id,item
T01,Milk
T01,Bread
T02,Milk
T02,Bread
T02,Butter
T03,Milk
T03,Bread
T03,Butter
T04,Milk
T04,Bread
T04,Butter
T05,Milk
T05,Bread
T05,Eggs
T06,Milk
T06,Butter
T07,Milk
T07,Eggs
T08,Milk
T08,Cola
T09,Milk
T10,Milk
T10,Eggs
T10,Cola
T11,Milk
T11,Bread
T12,Milk
T12,Butter
T13,Milk
T13,Diaper
T13,Beer
T14,Milk
T14,Diaper
T14,Beer
T15,Milk
T15,Diaper
T15,Beer
T16,Milk
T16,Diaper
T16,Beer
T16,Cola
T17,Milk
T17,Diaper
T17,Beer
T18,Milk
T18,Diaper
T18,Beer
T19,Milk
T19,Cola
T20,Milk
T20,Bread
T20,Butter
