user_id,sequence
U0000,Home > View > View > View > Cart
U0001,Home > View > Cart > Checkout > Checkout > Checkout > Checkout > Logout > Checkout > Logout
U0002,Search > View > Cart > Logout > Checkout > Logout > Checkout > Checkout > Checkout > Checkout > Checkout
U0003,Search > View > View > Cart > Support > Checkout
U0004,Home > View > Logout > Logout > Checkout > Logout > Checkout > Checkout > Logout > Checkout
U0005,Search > View > Logout > Logout
U0006,Home > View > Cart > Checkout > Checkout > Checkout > Checkout > Checkout > Checkout > Support
U0007,Search > View > Logout > Support
U0008,Home > View > View > View > Cart > Checkout > Logout > Support > Checkout
U0009,Home > View > Cart > Logout > Checkout > Logout
U0010,Home > View > Cart > Checkout > Checkout > Checkout > Logout > Checkout > Checkout > Logout > Logout
U0011,Home > View > Cart > Checkout > Checkout > Logout > Support > Checkout > Support > Checkout > Logout
U0012,Home > View > Cart > Checkout > Support > Checkout > Checkout
U0013,Search > View > Logout > Support > Logout > Checkout > Support > Checkout
U0014,Home > Support > Cart > Checkout > Checkout > Logout > Logout
U0015,Home > View > Cart > Logout > Logout > Logout
U0016,Home > View > View > View > Cart
U0017,Home > View > Logout > Checkout > Logout > Checkout > Checkout > Checkout > Support > Logout > Checkout
U0018,Search > Search > Support > Cart
U0019,Home > View > Cart > Checkout > Logout > Checkout
U0020,Home > View > Cart > Logout > Checkout > Checkout > Checkout
U0021,Home > View > View > Logout > Logout > Logout > Checkout > Logout > Logout > Checkout
U0022,Search > Support > View > View > View > Logout > Logout > Checkout > Checkout > Checkout > Checkout > Checkout
U0023,Search > Support > Cart > Support > Checkout > Logout > Checkout
U0024,Home > View > Cart > Support > Checkout > Support > Logout > Checkout
U0025,Search > View > Logout > Support
U0026,Home > View > View > Cart > Logout > Logout > Logout
U0027,Home > Search > View
U0028,Home > Search > View > Cart > Checkout > Checkout > Checkout > Logout > Logout > Logout > Logout
U0029,Home > Search > View > View > View > View > View > View > Cart > Checkout > Logout > Logout
U0030,Home > View > Cart > Checkout > Support > Support
U0031,Home > Support > View > Cart > Logout > Logout > Checkout > Logout > Checkout > Checkout > Checkout
U0032,Home > View > View > Cart > Logout
U0033,Home > View > Cart > Logout > Support > Logout > Checkout
U0034,Home > View > Cart > Checkout > Logout > Checkout
U0035,Home > View > Cart > Logout
U0036,Home > View > View > Cart > Logout > Logout > Checkout > Checkout > Support > Checkout > Support
U0037,Search > Search > View > View
U0038,Home > Support > Cart > Checkout > Logout > Checkout > Logout > Support > Support
U0039,Search > Search > View > Cart > Checkout > Checkout > Checkout > Checkout > Checkout > Checkout
U0040,Home > View > Cart > Support > Checkout > Checkout > Checkout > Support > Checkout > Checkout
U0041,Home > Search > View > Cart > Support > Checkout > Logout > Checkout > Logout
U0042,Search > Search > View > Logout > Checkout > Checkout > Checkout > Checkout > Logout > Logout > Checkout
U0043,Search > View > Cart > Support > Checkout > Support > Checkout > Checkout > Checkout > Logout > Checkout
U0044,Search > View > Cart > Logout > Checkout > Checkout > Checkout > Support > Support > Support
U0045,Home > View > Cart > Support > Checkout > Checkout
U0046,Home > View > Cart > Checkout > Checkout > Support > Checkout > Logout > Checkout > Checkout > Checkout
U0047,Search > Support > Cart > Logout > Checkout > Logout > Checkout
U0048,Search > View > View > Cart > Checkout > Checkout > Checkout > Support > Checkout > Checkout > Checkout > Checkout
U0049,Home > Support > View
U0050,Search > View > View > Logout
U0051,Search > View > Logout > Checkout > Logout > Support > Support
U0052,Home > View > Cart > Support > Checkout > Logout > Checkout > Logout > Checkout > Checkout > Checkout > Checkout
U0053,Home > View > Logout > Checkout > Support > Support > Checkout > Logout
U0054,Home > View > Cart > Checkout > Checkout > Support
U0055,Home > Support > View > View > Logout > Checkout > Checkout
U0056,Search > Support > Cart > Checkout > Checkout > Logout > Checkout > Logout
U0057,Search > View > View > Cart > Checkout > Checkout > Checkout > Checkout > Checkout > Logout > Support > Checkout
U0058,Home > View > Cart > Support > Support
U0059,Search > Support > View > Cart > Logout
U0060,Home > Search > View > Logout > Checkout > Logout > Checkout > Logout > Checkout
U0061,Search > View > Logout
U0062,Home > Support > View > View > View > Cart > Checkout > Logout > Checkout > Logout > Checkout
U0063,Search > View > Cart > Logout > Logout > Checkout > Checkout
U0064,Search > Search > Search > Search > View > View > Cart > Checkout
U0065,Search > Support > Cart > Checkout > Support > Support > Checkout > Support
U0066,Search > Search > View > View > Cart > Logout > Support
U0067,Search > View > Cart > Logout > Checkout > Logout > Support > Checkout > Support > Checkout > Support > Logout
U0068,Home > Support > Cart > Checkout > Logout > Logout > Checkout > Logout > Checkout > Support > Checkout
U0069,Home > View > Cart > Checkout
U0070,Search > Search > Support > Cart > Checkout > Logout > Checkout > Support > Checkout > Logout > Support
U0071,Home > View > Cart > Checkout > Checkout
U0072,Search > View > View > Cart > Checkout > Checkout > Logout > Logout > Checkout > Checkout > Checkout
U0073,Home > Support > Cart > Checkout > Checkout > Logout > Checkout
U0074,Home > Support > View > Cart > Checkout > Checkout > Checkout > Logout
U0075,Search > Support > Logout > Checkout > Checkout
U0076,Home > View > View > View > Cart > Support > Checkout > Logout
U0077,Search > View > Cart > Checkout
U0078,Home > View > Logout
U0079,Search > View > Logout > Logout > Checkout > Support
U0080,Search > View > View > Cart > Checkout > Checkout > Support > Checkout > Checkout > Checkout > Checkout > Checkout
U0081,Home > View > View > Cart > Logout > Support > Checkout > Checkout > Checkout > Checkout
U0082,Search > View > Cart > Support > Checkout
U0083,Home > View > View > Cart > Logout > Logout > Logout > Logout
U0084,Home > View > Cart > Checkout > Checkout > Support > Logout > Logout > Logout > Support > Logout
U0085,Home > View > Logout > Checkout > Checkout > Checkout > Checkout > Logout
U0086,Home > Search > Support
U0087,Search > View > Cart > Checkout > Checkout > Logout > Checkout > Support > Checkout > Checkout
U0088,Home > Search > View > Cart > Checkout > Checkout > Logout > Logout > Checkout > Logout
U0089,Home > View > Logout > Checkout
U0090,Search > View > Logout > Checkout > Checkout > Support > Checkout > Checkout > Logout > Logout
U0091,Search > View > Cart > Logout > Support > Support > Support > Logout > Checkout
U0092,Home > Support > Cart > Checkout > Checkout > Checkout > Checkout > Logout > Support > Support > Checkout > Checkout
U0093,Home > View > Cart > Checkout > Logout
U0094,Home > Support > Cart > Checkout
U0095,Search > View > View
U0096,Search > View > Cart > Checkout > Checkout > Support
U0097,Search > View > View > Cart > Logout > Checkout
U0098,Search > View > Cart > Checkout > Checkout
U0099,Search > Support > Cart > Support > Checkout > Checkout > Support
U0100,Home > Support > Logout > Checkout > Support > Logout
U0101,Home > View > View > Cart
U0102,Home > Search > View > Cart > Checkout > Logout > Checkout > Checkout > Logout > Checkout
U0103,Home > View > Cart > Checkout > Checkout > Checkout > Checkout > Logout
U0104,Search > Search > Search > Search > Support > Cart > Logout > Checkout > Checkout > Logout > Checkout
U0105,Search > View > View > Logout > Checkout > Checkout > Support > Support > Support > Support
U0106,Search > View > Cart > Checkout > Checkout > Checkout > Logout > Checkout > Support > Checkout > Logout > Checkout
U0107,Home > View > Cart > Checkout > Checkout > Checkout > Logout > Checkout
U0108,Home > View > Cart > Support > Checkout > Checkout
U0109,Home > Search > View > Cart > Checkout > Checkout > Checkout > Checkout
U0110,Home > Support > Cart > Logout > Checkout > Checkout > Logout > Logout > Logout
U0111,Home > View > View > Cart > Checkout
U0112,Search > Search > Search > View > Logout > Checkout > Checkout > Checkout
U0113,Home > Search > Search > View > View > Logout > Checkout > Checkout > Checkout > Checkout > Checkout > Logout
U0114,Home > View > Logout > Checkout > Checkout > Support
U0115,Search > View > Cart > Checkout > Logout
U0116,Home > Search > View > Logout > Checkout > Logout
U0117,Search > View > Logout > Logout
U0118,Home > Support > Cart > Checkout > Checkout > Support > Checkout > Checkout > Checkout > Logout > Checkout > Support
U0119,Home > View > Cart > Checkout > Support > Checkout > Support > Checkout > Logout
U0120,Home > View > View > Cart
U0121,Home > Search > Search > View
U0122,Search > View > Logout > Support > Logout
U0123,Home > Search > View > View
U0124,Search > Search > View > View > View
U0125,Home > Search > View > Cart > Checkout > Support > Checkout > Checkout > Support > Logout > Support > Logout
U0126,Home > View > Cart > Checkout
U0127,Search > View > Cart > Checkout > Logout > Checkout
U0128,Search > View > View > Cart > Checkout
U0129,Home > View > Cart > Checkout > Support > Checkout > Support > Support > Checkout > Checkout > Checkout > Logout
U0130,Home > View > Cart > Checkout > Support > Support > Support > Support
U0131,Home > View > Cart > Support > Logout > Checkout > Checkout
U0132,Home > Search > View
U0133,Home > View > Cart > Support > Checkout > Logout > Logout
U0134,Search > View > Logout
U0135,Search > View > Logout > Checkout > Support > Checkout > Checkout > Support
U0136,Home > View > View
U0137,Home > View > Cart > Support > Support
U0138,Search > Support > Cart > Support > Support
U0139,Search > View > Cart > Support > Checkout > Checkout > Logout > Checkout > Support > Checkout > Logout
U0140,Search > Search > Search
U0141,Search > Search > Support > Cart
U0142,Search > View > Cart > Checkout > Support > Support > Logout > Logout > Checkout > Checkout
U0143,Search > View > Logout
U0144,Home > Support > View
U0145,Search > Search > View > Logout > Logout > Support > Support > Checkout > Checkout > Support
U0146,Home > View > Logout > Logout > Checkout > Checkout > Support > Logout > Support > Support
U0147,Home > View > Logout > Logout > Logout > Checkout > Logout > Checkout
U0148,Search > Search > View > View > Cart > Logout > Support > Checkout > Checkout > Checkout > Checkout
U0149,Home > View > Cart > Checkout > Checkout > Checkout > Checkout > Checkout > Checkout > Support > Logout
U0150,Search > View > View > View > View > View > Cart
U0151,Home > View > View > Cart > Logout > Support > Logout > Checkout > Support > Logout
U0152,Home > View > Cart > Support > Checkout > Checkout > Support
U0153,Home > Search > View > View > Cart > Checkout > Checkout
U0154,Home > View > Logout > Checkout > Logout > Checkout > Logout > Checkout > Logout > Checkout > Checkout
U0155,Home > View > View
U0156,Home > Search > View > Logout
U0157,Home > View > Cart > Checkout > Logout > Checkout > Checkout > Checkout > Logout
U0158,Home > View > Logout > Checkout
U0159,Home > Support > Cart > Logout > Checkout
U0160,Home > Search > View > Cart
U0161,Home > Search > View > Logout > Support > Support > Logout > Support
U0162,Home > View > Cart > Support > Logout > Support > Logout > Checkout > Checkout > Checkout
U0163,Home > View > Cart > Support > Support > Logout > Logout > Logout
U0164,Search > View > Cart
U0165,Home > Search > View > Logout > Checkout > Checkout > Logout > Support
U0166,Search > View > Logout
U0167,Home > View > View > Logout > Logout > Logout > Checkout
U0168,Home > View > Logout > Checkout > Checkout > Checkout > Support > Logout
U0169,Search > Search > Search > Search > View > Logout > Logout
U0170,Home > View > Logout > Support > Checkout > Logout > Checkout > Checkout > Checkout > Checkout > Checkout > Checkout
U0171,Home > View > Cart > Logout
U0172,Search > Search > Search > Search > View > Logout
U0173,Home > View > Cart > Checkout > Checkout > Logout > Checkout > Checkout
U0174,Search > View > View > View > View > Cart > Checkout > Checkout
U0175,Home > View > Logout > Logout > Logout > Checkout > Logout > Checkout > Logout
U0176,Search > Support > Logout > Checkout > Checkout > Logout > Checkout > Checkout > Support
U0177,Home > View > Cart > Logout > Logout > Logout > Support > Support > Checkout > Logout
U0178,Home > View > Cart > Checkout
U0179,Search > View > View > View > View > View > View
U0180,Home > View > Cart
U0181,Home > Support > Logout
U0182,Home > View > Cart > Checkout > Checkout > Checkout > Support > Checkout
U0183,Home > View > Cart > Logout > Checkout
U0184,Home > View > Logout > Checkout > Checkout > Logout > Logout
U0185,Home > Search > View > Cart > Support > Support > Support > Logout > Logout > Checkout
U0186,Home > Search > View > Logout > Support > Logout
U0187,Home > Search > View > Cart > Checkout > Checkout > Checkout > Checkout > Logout > Logout > Logout > Support
U0188,Home > View > Cart > Logout > Support > Support > Logout > Logout > Support
U0189,Home > Search > Search > Support > View > View > Cart > Checkout > Support > Logout
U0190,Search > View > Cart
U0191,Search > View > View > View > Logout > Checkout
U0192,Home > View > View > View > View > View
U0193,Search > View > Logout > Support > Checkout > Checkout > Support > Checkout > Support > Checkout
U0194,Search > Search > View > Cart > Logout > Logout > Checkout > Checkout > Checkout > Checkout > Checkout > Support
U0195,Home > Search > View > Cart
U0196,Home > View > Logout > Logout > Checkout > Support
U0197,Search > Support > Cart > Checkout > Checkout
U0198,Home > View > Cart
U0199,Home > View > View > Cart > Checkout > Support
U0200,Search > View > View
U0201,Search > View > Cart > Support > Checkout > Support > Checkout > Checkout > Support > Support
U0202,Home > View > Cart > Logout > Checkout > Checkout
U0203,Home > View > View > Cart > Checkout > Logout > Logout > Checkout > Logout > Checkout > Support
U0204,Search > View > Cart
U0205,Home > Search > Search > Support > View > Cart > Logout > Checkout > Checkout > Checkout
U0206,Home > View > View > Logout > Checkout > Checkout > Support > Checkout > Checkout > Logout > Checkout
U0207,Home > Search > View > View > Cart > Logout
U0208,Home > View > Cart > Checkout > Checkout > Logout > Support > Logout
U0209,Home > View > View > View > View > Cart
U0210,Home > View > Cart > Checkout > Checkout > Checkout > Logout > Logout > Support > Support > Logout
U0211,Search > View > Logout > Checkout > Checkout > Logout > Logout > Support > Logout
U0212,Home > View > View > Logout > Checkout
U0213,Home > View > Logout > Support > Support > Checkout > Checkout > Logout > Checkout > Checkout > Logout
U0214,Home > View > View > View > Cart
U0215,Home > View > View > View > Cart > Checkout > Logout > Checkout > Checkout > Checkout > Checkout
U0216,Home > Support > Cart > Logout > Checkout > Support > Support > Support > Logout
U0217,Search > View > Cart > Logout > Support > Logout > Logout > Checkout > Checkout
U0218,Home > View > View
U0219,Home > View > View > View > Cart > Logout > Checkout
U0220,Home > View > Cart > Checkout > Checkout > Checkout > Support > Support > Support > Checkout > Checkout
U0221,Home > View > Cart > Checkout > Checkout > Checkout > Support > Checkout
U0222,Home > View > View > Cart > Checkout > Checkout > Checkout > Logout > Support > Checkout
U0223,Home > View > Cart > Support
U0224,Home > Support > Cart > Logout > Logout > Checkout > Checkout > Checkout > Support
U0225,Home > View > Cart > Checkout > Logout
U0226,Home > View > Cart > Checkout
U0227,Home > Search > View > View > Logout > Logout > Checkout
U0228,Search > View > Logout
U0229,Search > View > Cart > Support
U0230,Search > Search > Search > View > View
U0231,Search > View > Cart
U0232,Home > View > View > View > Cart > Checkout
U0233,Home > Search > View > View > Cart
U0234,Search > View > Cart > Checkout > Checkout > Checkout > Checkout > Logout > Logout > Logout
U0235,Home > View > Cart
U0236,Home > Search > View > Cart > Checkout > Checkout > Checkout > Checkout > Checkout > Checkout
U0237,Search > Search > Search > View > Logout > Logout
U0238,Home > View > View
U0239,Home > Search > Support > Logout > Checkout > Checkout > Checkout > Checkout > Support > Support
U0240,Search > View > Cart
U0241,Search > View > Cart > Checkout > Checkout > Logout > Checkout > Checkout > Checkout > Checkout > Checkout
U0242,Home > View > View
U0243,Search > View > Logout > Checkout > Logout > Checkout > Support > Support > Checkout
U0244,Search > View > Cart > Checkout > Support > Checkout > Support > Logout > Support > Logout
U0245,Search > View > Logout > Checkout > Logout > Checkout > Logout
U0246,Home > View > Cart > Logout > Checkout > Checkout
U0247,Home > Search > Search > View > Cart > Support > Logout
U0248,Home > Search > View > View > View > Cart > Checkout > Checkout > Checkout > Checkout > Checkout
U0249,Home > View > Cart > Checkout > Checkout > Logout > Checkout > Support
U0250,Home > View > Logout
U0251,Search > View > Cart > Logout > Checkout > Checkout > Support > Checkout > Checkout > Checkout > Support
U0252,Home > View > Cart > Support > Checkout > Logout > Logout > Logout > Support > Checkout
U0253,Home > View > Cart > Logout > Checkout > Checkout > Support > Logout > Checkout > Checkout > Support
U0254,Home > Search > View > Logout > Checkout > Support
U0255,Search > View > View > Cart > Logout > Checkout > Checkout > Logout > Support > Checkout
U0256,Home > View > Cart > Checkout > Logout > Checkout > Support > Support > Support
U0257,Home > View > Logout > Checkout > Checkout
U0258,Home > View > Cart > Support > Checkout > Checkout
U0259,Home > View > Logout
U0260,Search > Search > View > View > Cart > Checkout > Checkout > Checkout > Checkout
U0261,Home > View > Cart > Checkout
U0262,Home > Search > View > View
U0263,Home > View > Cart > Checkout > Checkout > Support > Checkout
U0264,Home > View > Cart > Logout > Checkout
U0265,Home > View > Logout > Support > Checkout > Checkout > Logout > Logout > Checkout > Checkout > Checkout > Checkout
U0266,Search > View > Cart > Checkout > Logout > Logout > Support > Checkout
U0267,Home > Search > View > Logout
U0268,Search > View > View > View > View > View > Cart > Checkout
U0269,Search > View > Cart > Support > Logout > Logout > Logout > Logout > Checkout > Checkout > Support
U0270,Search > View > Cart > Logout
U0271,Search > View > Cart > Logout > Support > Support > Checkout
U0272,Home > Search > Search > View > Logout > Checkout > Support > Checkout > Checkout > Checkout
U0273,Home > View > Cart > Support > Checkout > Logout > Checkout > Checkout
U0274,Home > View > Cart > Support > Checkout > Checkout
U0275,Search > Search > View > Cart
U0276,Home > View > View > Cart > Support > Checkout > Logout > Checkout
U0277,Search > View > Logout > Checkout > Logout > Checkout > Support > Support > Checkout > Checkout > Checkout > Support
U0278,Home > View > Logout > Checkout > Support > Logout
U0279,Home > Search > View > View > Cart > Checkout > Support > Logout
U0280,Home > Support > View > Cart > Logout > Checkout > Checkout > Support > Logout > Checkout > Checkout > Checkout
U0281,Home > View > View > Cart > Checkout > Checkout > Logout > Checkout > Support > Checkout > Logout > Support
U0282,Search > View > Cart
U0283,Search > View > Logout > Checkout > Logout > Checkout > Logout > Checkout
U0284,Home > View > Cart > Checkout > Logout > Checkout > Checkout
U0285,Home > View > Cart > Checkout > Checkout > Checkout > Logout > Logout > Logout
U0286,Home > View > View > View
U0287,Home > Support > View > Logout > Checkout > Checkout > Checkout > Checkout > Checkout > Checkout
U0288,Home > View > Cart > Support > Support
U0289,Search > Search > Support > Cart > Support > Support > Support > Logout
U0290,Home > Search > Search
U0291,Home > View > Cart > Support > Support > Support > Support
U0292,Home > View > Cart > Checkout > Logout > Checkout > Checkout > Support > Checkout
U0293,Search > View > View
U0294,Search > Support > View > Cart > Checkout > Support > Support > Support > Checkout > Logout > Support > Checkout
U0295,Home > Search > View
U0296,Search > View > Cart > Logout > Checkout
U0297,Home > Support > Cart > Checkout > Checkout > Logout > Checkout > Support > Checkout > Logout
U0298,Search > View > Cart > Checkout > Checkout > Checkout > Support > Logout > Logout > Checkout > Checkout > Support
U0299,Search > Support > Cart > Checkout > Checkout > Checkout
U0300,Home > View > View > View > Logout > Support > Logout > Logout > Checkout > Support
U0301,Home > Search > View
U0302,Home > View > View > Cart > Support > Checkout > Logout
U0303,Home > View > View > Cart > Logout > Support
U0304,Search > View > View > View > View > Logout > Checkout > Checkout > Logout > Checkout > Support
U0305,Search > View > Cart > Logout > Checkout > Checkout > Checkout > Checkout
U0306,Home > View > Cart > Checkout > Logout > Checkout > Checkout > Logout > Logout > Support > Checkout > Checkout
U0307,Search > Search > View
U0308,Search > View > View > Logout > Checkout > Checkout
U0309,Home > View > Cart > Logout > Checkout
U0310,Home > View > Cart > Checkout > Logout > Checkout > Checkout > Support > Checkout > Logout > Checkout > Checkout
U0311,Search > View > Cart > Logout > Support > Checkout > Checkout
U0312,Search > View > View > Cart > Support > Checkout
U0313,Search > View > Logout > Checkout > Checkout > Logout
U0314,Home > View > View > View > Logout > Logout > Logout > Checkout > Logout
U0315,Home > Search > View
U0316,Home > View > Cart > Checkout > Logout > Logout > Checkout > Checkout > Checkout > Checkout
U0317,Search > Support > Cart > Checkout > Support > Checkout
U0318,Home > Search > View > Logout > Checkout > Logout
U0319,Search > View > View > Cart > Checkout > Support > Checkout > Support > Support > Support > Logout
U0320,Home > View > Cart > Logout > Logout > Support > Support > Support > Checkout > Logout > Checkout
U0321,Home > Search > View > View
U0322,Home > View > View > Cart > Support > Checkout > Checkout > Checkout
U0323,Home > Search > Search > View
U0324,Search > Search > Support > Cart > Checkout > Checkout > Logout > Checkout > Logout > Support
U0325,Search > View > Cart > Support > Support > Support > Checkout > Checkout > Checkout > Checkout > Checkout
U0326,Home > View > View
U0327,Home > View > Cart > Support > Checkout
U0328,Home > View > Cart > Logout
U0329,Search > Support > Cart > Support
U0330,Home > View > View > View > View > Cart > Logout > Support > Support > Logout
U0331,Home > View > Logout > Support
U0332,Search > View > Logout > Checkout > Logout > Logout > Checkout > Checkout > Checkout > Checkout > Checkout > Logout
U0333,Home > View > Cart > Logout > Checkout > Checkout > Support
U0334,Search > Search > Support > Cart > Checkout > Logout > Checkout > Checkout > Checkout
U0335,Search > Search > Search > View > View > Logout > Checkout
U0336,Home > Support > Logout > Support > Logout
U0337,Home > View > Cart
U0338,Home > View > View > Cart > Checkout > Checkout > Logout > Logout > Checkout
U0339,Home > View > View > Cart > Logout > Logout > Checkout > Checkout > Logout > Support
U0340,Home > View > Cart > Checkout > Logout > Support > Checkout > Logout > Support > Logout > Checkout > Checkout
U0341,Search > View > Cart > Checkout > Checkout > Logout > Checkout
U0342,Home > Search > View > Cart > Support > Logout > Logout > Checkout > Checkout > Support > Checkout
U0343,Home > View > Cart > Checkout > Logout > Support > Support > Checkout > Support
U0344,Search > View > Cart > Checkout > Logout > Checkout > Logout > Checkout > Support > Checkout
U0345,Home > View > View > View > Cart > Checkout > Logout > Checkout
U0346,Home > Search > Support > View > Cart > Logout > Checkout > Checkout
U0347,Search > View > Logout > Support > Checkout
U0348,Search > Search > View > View > Cart > Checkout > Logout > Checkout > Checkout > Checkout
U0349,Home > View > Cart > Checkout > Checkout
U0350,Home > View > Cart > Checkout > Logout > Logout
U0351,Search > View > Cart > Support > Support > Logout > Checkout > Logout > Logout > Logout > Support
U0352,Search > Support > Cart > Logout > Checkout > Checkout > Checkout > Support > Checkout > Logout > Support > Checkout
U0353,Home > Search > Support > View
U0354,Home > Search > View
U0355,Search > View > Cart > Checkout
U0356,Search > View > Cart > Checkout > Support > Checkout
U0357,Home > Search > Search > View > Cart > Checkout
U0358,Home > View > Cart > Checkout > Checkout > Checkout > Checkout > Logout > Checkout > Checkout > Support > Support
U0359,Home > View > View > View > View > Logout > Logout
U0360,Home > View > Logout > Checkout > Checkout > Logout > Checkout > Support > Logout > Checkout > Checkout > Checkout
U0361,Home > View > Cart
U0362,Home > Search > Search > Search > View > Cart > Support
U0363,Search > View > Logout > Checkout > Support > Logout > Logout > Checkout > Logout
U0364,Search > View > Cart > Logout > Checkout > Logout > Support > Support
U0365,Search > View > View > View
U0366,Home > Search > View > Cart
U0367,Search > View > View > View > Logout > Logout > Checkout
U0368,Search > Support > Cart > Logout > Checkout > Checkout > Checkout > Checkout > Checkout
U0369,Search > View > Logout > Checkout > Checkout
U0370,Home > View > Logout > Support > Support > Logout > Support
U0371,Search > Search > View > View > Cart > Logout > Logout > Logout > Checkout > Support > Checkout
U0372,Search > View > Logout > Logout > Checkout
U0373,Search > Search > View > Logout > Checkout > Checkout > Logout
U0374,Home > View > View > View > Cart > Support > Checkout > Checkout
U0375,Home > View > Cart > Checkout > Logout > Checkout > Checkout > Logout > Support > Logout
U0376,Home > View > Cart > Logout > Checkout
U0377,Home > Search > View
U0378,Search > View > Logout > Checkout > Checkout > Support > Checkout > Support > Support > Checkout > Checkout > Checkout
U0379,Search > Support > Cart > Checkout > Support > Logout > Support > Checkout
U0380,Home > Search > Search > View > View > View > Logout > Checkout > Checkout
U0381,Home > Search > View > Logout > Checkout > Logout > Checkout > Logout > Checkout
U0382,Home > View > Cart
U0383,Search > Support > View > Cart > Logout > Logout > Logout > Support
U0384,Home > View > Cart > Checkout
U0385,Search > View > View > Cart > Logout > Logout > Checkout > Checkout > Support > Checkout
U0386,Home > View > Cart
U0387,Search > View > Cart > Logout > Support > Checkout
U0388,Home > View > View > Cart > Checkout > Checkout > Support > Checkout > Logout > Logout
U0389,Search > View > View > View > View > Logout > Logout
U0390,Home > View > Logout > Support > Support > Checkout > Logout
U0391,Home > View > Logout > Support > Support > Checkout > Checkout > Checkout > Checkout > Checkout
U0392,Home > View > Logout
U0393,Home > View > Cart
U0394,Home > View > Cart > Logout > Checkout > Logout > Checkout > Support > Checkout > Logout > Checkout > Checkout
U0395,Home > Search > View > View
U0396,Home > View > Cart
U0397,Home > View > Cart > Checkout > Checkout > Support > Checkout > Checkout > Checkout > Logout
U0398,Home > View > Cart
U0399,Home > Search > Support > Cart > Logout > Checkout
