invoice_id,item
INV0001,I18
INV0001,I19
INV0001,I17
INV0001,I01
INV0001,I03
INV0001,I10
INV0001,I13
INV0002,I20
INV0002,I13
INV0002,I08
INV0002,I14
INV0003,I01
INV0003,I20
INV0003,I06
INV0004,I01
INV0004,I02
INV0004,I05
INV0004,I07
INV0004,I14
INV0004,I18
INV0004,I19
INV0005,I13
INV0005,I10
INV0005,I05
INV0005,I16
INV0005,I07
INV0005,I11
INV0005,I04
INV0006,I02
INV0006,I04
INV0006,I16
INV0007,I01
INV0007,I02
INV0007,I08
INV0007,I10
INV0007,I13
INV0007,I14
INV0007,I17
INV0008,I01
INV0008,I02
INV0008,I04
INV0008,I07
INV0008,I08
INV0008,I14
INV0009,I01
INV0009,I02
INV0009,I08
INV0009,I10
INV0009,I14
INV0010,I15
INV0010,I04
INV0010,I02
INV0011,I02
INV0011,I20
INV0011,I08
INV0011,I07
INV0011,I12
INV0011,I10
INV0012,I13
INV0012,I04
INV0012,I06
INV0012,I07
INV0013,I06
INV0013,I16
INV0013,I10
INV0013,I09
INV0013,I15
INV0013,I05
INV0013,I18
INV0014,I03
INV0014,I05
INV0014,I06
INV0014,I07
INV0014,I08
INV0015,I01
INV0015,I02
INV0015,I07
INV0015,I10
INV0015,I11
INV0015,I18
INV0016,I01
INV0016,I02
INV0016,I03
INV0016,I09
INV0016,I10
INV0016,I13
INV0016,I15
INV0017,I06
INV0017,I11
INV0017,I02
INV0018,I20
INV0018,I11
INV0018,I16
INV0019,I01
INV0019,I02
INV0019,I10
INV0019,I18
INV0019,I19
INV0019,I20
INV0020,I01
INV0020,I02
INV0020,I03
INV0020,I04
INV0020,I12
INV0020,I17
INV0020,I20
INV0021,I01
INV0021,I02
INV0021,I05
INV0021,I06
INV0021,I07
INV0021,I13
INV0021,I20
INV0022,I01
INV0022,I17
INV0023,I14
INV0023,I20
INV0023,I02
INV0023,I19
INV0023,I12
INV0024,I05
INV0024,I06
INV0024,I07
INV0024,I09
INV0024,I15
INV0024,I16
INV0024,I17
INV0024,I20
INV0025,I01
INV0025,I02
INV0025,I09
INV0025,I10
INV0025,I12
INV0025,I14
INV0025,I18
INV0026,I01
INV0026,I02
INV0026,I04
INV0026,I05
INV0026,I11
INV0026,I13
INV0026,I17
INV0027,I19
INV0027,I08
INV0027,I13
INV0027,I05
INV0028,I01
INV0028,I02
INV0028,I04
INV0028,I16
INV0028,I18
INV0029,I01
INV0029,I05
INV0030,I01
INV0030,I02
INV0030,I06
INV0030,I18
INV0031,I04
INV0031,I05
INV0031,I06
INV0031,I07
INV0031,I11
INV0031,I13
INV0031,I14
INV0031,I20
INV0032,I20
INV0032,I11
INV0032,I16
INV0032,I18
INV0033,I14
INV0033,I15
INV0033,I19
INV0033,I13
INV0033,I03
INV0033,I01
INV0034,I01
INV0034,I02
INV0034,I03
INV0035,I10
INV0035,I19
INV0035,I08
INV0035,I17
INV0035,I18
INV0036,I01
INV0036,I02
INV0036,I04
INV0036,I07
INV0036,I12
INV0037,I08
INV0037,I15
INV0037,I05
INV0038,I16
INV0038,I12
INV0038,I18
INV0038,I03
INV0038,I09
INV0038,I02
INV0038,I17
INV0039,I04
INV0039,I13
INV0039,I11
INV0040,I07
INV0040,I11
INV0040,I20
INV0041,I01
INV0041,I02
INV0041,I03
INV0041,I15
INV0041,I18
INV0041,I19
INV0042,I16
INV0042,I12
INV0042,I03
INV0042,I14
INV0042,I07
INV0042,I02
INV0042,I13
INV0043,I01
INV0043,I02
INV0043,I04
INV0043,I05
INV0043,I06
INV0043,I07
INV0043,I08
INV0043,I13
INV0043,I18
INV0043,I19
INV0044,I18
INV0044,I12
INV0044,I07
INV0044,I06
INV0044,I03
INV0045,I13
INV0045,I09
INV0046,I11
INV0046,I12
INV0047,I01
INV0047,I04
INV0047,I05
INV0047,I06
INV0047,I07
INV0047,I08
INV0047,I12
INV0048,I06
INV0048,I09
INV0049,I18
INV0049,I03
INV0049,I04
INV0049,I15
INV0049,I09
INV0050,I18
INV0050,I02
INV0050,I07
INV0051,I19
INV0051,I01
INV0052,I01
INV0052,I02
INV0052,I06
INV0052,I09
INV0052,I12
INV0052,I18
INV0052,I20
INV0053,I01
INV0053,I02
INV0053,I03
INV0053,I05
INV0053,I15
INV0053,I18
INV0054,I12
INV0054,I20
INV0054,I13
INV0055,I01
INV0055,I02
INV0055,I03
INV0055,I05
INV0055,I06
INV0055,I07
INV0055,I20
INV0056,I07
INV0056,I06
INV0056,I10
INV0056,I18
INV0057,I01
INV0057,I02
INV0057,I09
INV0058,I18
INV0058,I01
INV0058,I11
INV0058,I04
INV0058,I12
INV0059,I01
INV0059,I02
INV0059,I03
INV0059,I05
INV0059,I08
INV0059,I16
INV0059,I17
INV0059,I19
INV0060,I03
INV0060,I10
INV0060,I04
INV0060,I12
INV0060,I08
INV0060,I11
INV0061,I13
INV0061,I02
INV0062,I10
INV0062,I07
INV0062,I15
INV0062,I04
INV0062,I12
INV0063,I10
INV0063,I03
INV0063,I20
INV0063,I05
INV0063,I12
INV0064,I13
INV0064,I12
INV0065,I01
INV0065,I02
INV0065,I06
INV0065,I09
INV0065,I17
INV0066,I01
INV0066,I02
INV0066,I05
INV0066,I06
INV0066,I07
INV0066,I08
INV0066,I09
INV0066,I12
INV0066,I13
INV0067,I19
INV0067,I10
INV0067,I03
INV0067,I06
INV0067,I20
INV0068,I01
INV0068,I02
INV0068,I06
INV0068,I08
INV0068,I11
INV0068,I12
INV0068,I20
INV0069,I01
INV0069,I02
INV0069,I04
INV0069,I14
INV0070,I04
INV0070,I11
INV0070,I12
INV0071,I03
INV0071,I10
INV0071,I17
INV0072,I01
INV0072,I02
INV0072,I11
INV0072,I20
INV0073,I04
INV0073,I20
INV0073,I03
INV0073,I06
INV0073,I12
INV0073,I07
INV0073,I15
INV0074,I12
INV0074,I01
INV0075,I11
INV0075,I15
INV0076,I01
INV0076,I02
INV0076,I07
INV0076,I08
INV0076,I12
INV0077,I01
INV0077,I02
INV0077,I04
INV0077,I05
INV0077,I06
INV0077,I07
INV0077,I12
INV0077,I18
INV0077,I19
INV0077,I20
INV0078,I10
INV0078,I02
INV0078,I16
INV0078,I20
INV0078,I09
INV0078,I03
INV0078,I19
INV0079,I01
INV0079,I02
INV0079,I04
INV0079,I10
INV0079,I13
INV0080,I01
INV0080,I02
INV0080,I07
INV0080,I08
INV0080,I14
INV0081,I01
INV0081,I02
INV0081,I04
INV0081,I05
INV0081,I06
INV0081,I08
INV0081,I15
INV0081,I19
INV0082,I01
INV0082,I02
INV0082,I05
INV0082,I06
INV0082,I12
INV0082,I17
INV0082,I18
INV0083,I08
INV0083,I10
INV0083,I06
INV0083,I01
INV0084,I18
INV0084,I16
INV0084,I12
INV0084,I05
INV0085,I01
INV0085,I02
INV0085,I14
INV0086,I07
INV0086,I19
INV0086,I03
INV0086,I18
INV0086,I05
INV0086,I06
INV0086,I04
INV0087,I01
INV0087,I02
INV0087,I10
INV0087,I19
INV0088,I14
INV0088,I17
INV0088,I13
INV0088,I03
INV0088,I10
INV0088,I06
INV0089,I07
INV0089,I13
INV0089,I16
INV0089,I15
INV0090,I01
INV0090,I02
INV0090,I08
INV0090,I11
INV0090,I13
INV0090,I16
INV0091,I19
INV0091,I04
INV0091,I20
INV0091,I01
INV0091,I08
INV0091,I18
INV0091,I14
INV0092,I12
INV0092,I15
INV0092,I01
INV0092,I18
INV0092,I03
INV0092,I07
INV0093,I04
INV0093,I20
INV0093,I19
INV0093,I09
INV0093,I03
INV0093,I14
INV0094,I02
INV0094,I03
INV0094,I04
INV0094,I05
INV0094,I06
INV0094,I07
INV0094,I09
INV0094,I10
INV0094,I13
INV0094,I18
INV0095,I19
INV0095,I02
INV0095,I16
INV0095,I07
INV0096,I12
INV0096,I01
INV0096,I18
INV0096,I03
INV0096,I06
INV0096,I20
INV0096,I02
INV0097,I02
INV0097,I04
INV0097,I05
INV0097,I06
INV0097,I07
INV0097,I08
INV0097,I15
INV0097,I16
INV0097,I18
INV0098,I02
INV0098,I08
INV0098,I15
INV0098,I20
INV0099,I13
INV0099,I08
INV0100,I01
INV0100,I02
INV0100,I03
INV0100,I05
INV0100,I09
INV0100,I16
INV0100,I18
INV0101,I01
INV0101,I02
INV0101,I11
INV0101,I13
INV0101,I14
INV0101,I15
INV0101,I20
INV0102,I01
INV0102,I05
INV0102,I06
INV0102,I07
INV0102,I08
INV0102,I09
INV0102,I12
INV0102,I13
INV0102,I18
INV0103,I07
INV0103,I02
INV0103,I11
INV0103,I20
INV0103,I04
INV0104,I01
INV0104,I02
INV0104,I06
INV0104,I16
INV0105,I01
INV0105,I02
INV0105,I04
INV0105,I06
INV0105,I08
INV0105,I09
INV0105,I14
INV0105,I20
INV0106,I20
INV0106,I15
INV0106,I01
INV0106,I14
INV0106,I06
INV0107,I01
INV0107,I02
INV0107,I07
INV0107,I10
INV0108,I01
INV0108,I02
INV0108,I04
INV0108,I20
INV0109,I02
INV0109,I04
INV0109,I05
INV0109,I06
INV0109,I07
INV0109,I10
INV0109,I11
INV0109,I14
INV0109,I16
INV0110,I01
INV0110,I02
INV0110,I12
INV0110,I14
INV0110,I15
INV0110,I18
INV0110,I19
INV0111,I01
INV0111,I02
INV0111,I07
INV0111,I13
INV0111,I14
INV0112,I01
INV0112,I02
INV0112,I09
INV0112,I11
INV0112,I15
INV0113,I02
INV0113,I01
INV0114,I19
INV0114,I04
INV0115,I04
INV0115,I05
INV0115,I06
INV0115,I07
INV0115,I08
INV0115,I09
INV0115,I10
INV0116,I06
INV0116,I17
INV0116,I16
INV0117,I01
INV0117,I02
INV0117,I05
INV0117,I19
INV0117,I20
INV0118,I01
INV0118,I05
INV0119,I01
INV0119,I02
INV0119,I07
INV0119,I08
INV0119,I10
INV0119,I14
INV0119,I15
INV0119,I17
INV0120,I01
INV0120,I02
INV0120,I08
INV0121,I01
INV0121,I09
INV0121,I10
INV0121,I13
INV0121,I12
INV0121,I06
INV0121,I08
INV0122,I17
INV0122,I02
INV0122,I12
INV0123,I17
INV0123,I16
INV0123,I03
INV0124,I01
INV0124,I02
INV0124,I04
INV0124,I12
INV0124,I13
INV0124,I16
INV0125,I18
INV0125,I19
INV0125,I09
INV0126,I13
INV0126,I16
INV0126,I02
INV0126,I01
INV0126,I05
INV0126,I07
INV0126,I14
INV0127,I09
INV0127,I03
INV0127,I14
INV0127,I02
INV0127,I10
INV0128,I03
INV0128,I10
INV0128,I02
INV0128,I15
INV0128,I17
INV0128,I09
INV0128,I01
INV0129,I06
INV0129,I20
INV0129,I10
INV0129,I18
INV0129,I19
INV0129,I14
INV0129,I02
INV0130,I12
INV0130,I15
INV0130,I14
INV0130,I17
INV0131,I01
INV0131,I02
INV0131,I12
INV0131,I13
INV0131,I17
INV0131,I18
INV0131,I19
INV0131,I20
INV0132,I12
INV0132,I14
INV0132,I16
INV0132,I08
INV0132,I02
INV0132,I15
INV0133,I16
INV0133,I03
INV0133,I10
INV0133,I07
INV0134,I01
INV0134,I02
INV0134,I03
INV0134,I04
INV0134,I12
INV0134,I13
INV0134,I15
INV0134,I16
INV0135,I01
INV0135,I03
INV0135,I05
INV0135,I06
INV0135,I07
INV0135,I13
INV0135,I15
INV0136,I09
INV0136,I05
INV0137,I16
INV0137,I01
INV0137,I11
INV0138,I01
INV0138,I02
INV0138,I05
INV0138,I06
INV0138,I07
INV0138,I11
INV0138,I12
INV0138,I15
INV0138,I18
INV0139,I01
INV0139,I02
INV0139,I13
INV0139,I14
INV0139,I18
INV0140,I01
INV0140,I02
INV0140,I06
INV0140,I19
INV0141,I02
INV0141,I07
INV0141,I15
INV0142,I01
INV0142,I02
INV0142,I10
INV0142,I17
INV0142,I19
INV0143,I09
INV0143,I15
INV0144,I01
INV0144,I10
INV0144,I14
INV0144,I02
INV0144,I15
INV0145,I17
INV0145,I01
INV0145,I14
INV0145,I09
INV0145,I03
INV0146,I01
INV0146,I02
INV0146,I04
INV0146,I08
INV0146,I13
INV0146,I19
INV0147,I04
INV0147,I09
INV0148,I01
INV0148,I02
INV0148,I06
INV0148,I07
INV0148,I20
INV0149,I01
INV0149,I02
INV0149,I03
INV0149,I05
INV0149,I06
INV0149,I07
INV0149,I10
INV0149,I15
INV0149,I16
INV0150,I01
INV0150,I18
INV0150,I02
INV0151,I04
INV0151,I13
INV0152,I12
INV0152,I06
INV0152,I15
INV0152,I01
INV0153,I01
INV0153,I02
INV0153,I12
INV0153,I13
INV0153,I15
INV0154,I01
INV0154,I02
INV0154,I04
INV0154,I05
INV0154,I06
INV0154,I07
INV0154,I08
INV0154,I11
INV0154,I18
INV0154,I19
INV0155,I01
INV0155,I02
INV0155,I07
INV0155,I12
INV0156,I01
INV0156,I02
INV0156,I04
INV0156,I09
INV0156,I11
INV0156,I14
INV0156,I16
INV0157,I04
INV0157,I01
INV0157,I12
INV0158,I01
INV0158,I02
INV0158,I07
INV0158,I10
INV0158,I18
INV0159,I03
INV0159,I02
INV0159,I04
INV0159,I09
INV0159,I17
INV0159,I06
INV0159,I08
INV0160,I08
INV0160,I19
INV0160,I01
INV0160,I12
INV0160,I13
INV0160,I20
INV0161,I01
INV0161,I02
INV0161,I04
INV0161,I09
INV0161,I15
INV0161,I17
INV0161,I18
INV0161,I19
INV0161,I20
INV0162,I01
INV0162,I02
INV0162,I03
INV0162,I07
INV0162,I14
INV0162,I15
INV0162,I16
INV0162,I17
INV0162,I20
INV0163,I01
INV0163,I02
INV0163,I11
INV0163,I13
INV0163,I19
INV0164,I01
INV0164,I02
INV0164,I03
INV0164,I04
INV0164,I05
INV0164,I07
INV0164,I13
INV0164,I18
INV0165,I02
INV0165,I01
INV0165,I04
INV0165,I13
INV0165,I06
INV0165,I12
INV0165,I07
INV0166,I20
INV0166,I10
INV0166,I07
INV0166,I16
INV0166,I14
INV0166,I19
INV0166,I09
INV0167,I01
INV0167,I02
INV0167,I05
INV0167,I06
INV0167,I07
INV0167,I08
INV0167,I09
INV0167,I12
INV0167,I14
INV0167,I16
INV0167,I17
INV0168,I01
INV0168,I02
INV0168,I04
INV0168,I12
INV0168,I13
INV0168,I14
INV0169,I11
INV0169,I09
INV0170,I17
INV0170,I19
INV0170,I14
INV0171,I12
INV0171,I07
INV0171,I05
INV0171,I06
INV0171,I18
INV0171,I01
INV0171,I16
INV0172,I01
INV0172,I02
INV0172,I10
INV0172,I13
INV0172,I14
INV0172,I15
INV0172,I17
INV0173,I19
INV0173,I20
INV0173,I18
INV0173,I06
INV0173,I12
INV0173,I16
INV0173,I03
INV0174,I01
INV0174,I02
INV0174,I06
INV0174,I11
INV0175,I07
INV0175,I17
INV0175,I04
INV0175,I19
INV0175,I06
INV0175,I12
INV0175,I02
INV0176,I01
INV0176,I02
INV0176,I04
INV0176,I07
INV0176,I08
INV0176,I15
INV0176,I16
INV0176,I20
INV0177,I01
INV0177,I02
INV0177,I07
INV0177,I15
INV0177,I16
INV0178,I02
INV0178,I15
INV0178,I07
INV0178,I06
INV0178,I12
INV0178,I20
INV0179,I03
INV0179,I04
INV0179,I05
INV0179,I06
INV0179,I07
INV0179,I13
INV0180,I08
INV0180,I20
INV0180,I05
INV0180,I04
INV0180,I09
INV0180,I06
INV0181,I20
INV0181,I09
INV0181,I11
INV0181,I02
INV0181,I15
INV0181,I08
INV0182,I13
INV0182,I11
INV0183,I17
INV0183,I11
INV0183,I07
INV0183,I14
INV0183,I03
INV0183,I04
INV0184,I03
INV0184,I04
INV0184,I10
INV0184,I06
INV0184,I16
INV0185,I01
INV0185,I02
INV0185,I04
INV0185,I07
INV0185,I08
INV0185,I13
INV0186,I01
INV0186,I02
INV0186,I05
INV0186,I10
INV0186,I12
INV0186,I14
INV0186,I16
INV0186,I17
INV0187,I14
INV0187,I05
INV0188,I05
INV0188,I06
INV0188,I07
INV0188,I10
INV0188,I14
INV0188,I19
INV0189,I01
INV0189,I02
INV0189,I11
INV0189,I17
INV0189,I19
INV0189,I20
INV0190,I09
INV0190,I15
INV0190,I19
INV0190,I07
INV0190,I10
INV0190,I06
INV0190,I02
INV0191,I11
INV0191,I08
INV0191,I03
INV0191,I12
INV0191,I04
INV0191,I01
INV0192,I15
INV0192,I17
INV0192,I08
INV0192,I03
INV0193,I12
INV0193,I13
INV0193,I10
INV0193,I05
INV0193,I06
INV0194,I10
INV0194,I13
INV0195,I01
INV0195,I02
INV0195,I03
INV0195,I05
INV0195,I09
INV0195,I12
INV0195,I15
INV0196,I09
INV0196,I20
INV0196,I15
INV0196,I12
INV0197,I13
INV0197,I17
INV0197,I15
INV0197,I20
INV0197,I08
INV0197,I02
INV0197,I14
INV0198,I01
INV0198,I02
INV0198,I14
INV0198,I18
INV0198,I20
INV0199,I18
INV0199,I03
INV0199,I10
INV0199,I09
INV0199,I02
INV0199,I20
INV0200,I13
INV0200,I09
INV0200,I04
INV0200,I02
INV0201,I04
INV0201,I08
INV0201,I17
INV0202,I16
INV0202,I17
INV0202,I09
INV0203,I01
INV0203,I02
INV0203,I03
INV0203,I10
INV0203,I14
INV0203,I16
INV0203,I19
INV0203,I20
INV0204,I05
INV0204,I06
INV0204,I07
INV0204,I09
INV0204,I10
INV0204,I13
INV0204,I19
INV0204,I20
INV0205,I13
INV0205,I16
INV0205,I08
INV0205,I12
INV0205,I18
INV0206,I03
INV0206,I17
INV0206,I01
INV0206,I12
INV0206,I20
INV0206,I14
INV0207,I03
INV0207,I15
INV0207,I20
INV0207,I13
INV0207,I17
INV0207,I04
INV0208,I01
INV0208,I02
INV0208,I03
INV0208,I19
INV0209,I01
INV0209,I02
INV0209,I03
INV0209,I12
INV0209,I18
INV0210,I01
INV0210,I02
INV0210,I04
INV0210,I09
INV0210,I15
INV0210,I20
INV0211,I01
INV0211,I02
INV0211,I03
INV0211,I04
INV0211,I08
INV0212,I01
INV0212,I02
INV0212,I04
INV0212,I05
INV0212,I06
INV0212,I07
INV0213,I03
INV0213,I07
INV0213,I06
INV0213,I08
INV0213,I04
INV0213,I16
INV0214,I12
INV0214,I03
INV0214,I11
INV0214,I17
INV0214,I13
INV0214,I09
INV0215,I02
INV0215,I05
INV0215,I06
INV0215,I07
INV0215,I09
INV0215,I13
INV0215,I16
INV0215,I19
INV0216,I01
INV0216,I02
INV0216,I03
INV0216,I04
INV0216,I07
INV0216,I12
INV0216,I15
INV0217,I05
INV0217,I10
INV0217,I04
INV0217,I15
INV0217,I01
INV0218,I03
INV0218,I20
INV0218,I07
INV0218,I09
INV0218,I15
INV0218,I08
INV0218,I10
INV0219,I01
INV0219,I02
INV0219,I13
INV0219,I16
INV0220,I01
INV0220,I02
INV0220,I04
INV0220,I09
INV0220,I12
INV0221,I15
INV0221,I18
INV0221,I03
INV0221,I17
INV0222,I11
INV0222,I12
INV0222,I03
INV0223,I01
INV0223,I11
INV0223,I17
INV0224,I19
INV0224,I07
INV0224,I14
INV0224,I03
INV0224,I09
INV0224,I06
INV0225,I01
INV0225,I02
INV0225,I07
INV0225,I11
INV0225,I13
INV0225,I14
INV0225,I19
INV0226,I01
INV0226,I02
INV0226,I03
INV0226,I07
INV0226,I10
INV0226,I11
INV0227,I01
INV0227,I02
INV0227,I05
INV0227,I06
INV0227,I07
INV0227,I13
INV0227,I14
INV0227,I19
INV0228,I16
INV0228,I12
INV0229,I13
INV0229,I17
INV0229,I10
INV0229,I04
INV0229,I11
INV0230,I01
INV0230,I02
INV0230,I03
INV0230,I04
INV0230,I05
INV0230,I10
INV0230,I11
INV0230,I12
INV0231,I01
INV0231,I02
INV0231,I19
INV0231,I20
INV0232,I15
INV0232,I08
INV0232,I18
INV0232,I06
INV0232,I09
INV0232,I17
INV0232,I12
INV0233,I12
INV0233,I16
INV0233,I06
INV0233,I13
INV0234,I12
INV0234,I07
INV0234,I06
INV0234,I02
INV0234,I05
INV0234,I13
INV0234,I17
INV0235,I01
INV0235,I02
INV0235,I03
INV0235,I07
INV0235,I12
INV0235,I13
INV0235,I17
INV0235,I20
INV0236,I01
INV0236,I02
INV0236,I03
INV0236,I07
INV0236,I12
INV0236,I13
INV0236,I20
INV0237,I01
INV0237,I02
INV0237,I04
INV0237,I06
INV0237,I11
INV0237,I12
INV0237,I14
INV0238,I01
INV0238,I02
INV0238,I06
INV0238,I11
INV0238,I12
INV0238,I15
INV0238,I20
INV0239,I10
INV0239,I14
INV0239,I19
INV0239,I04
INV0240,I10
INV0240,I06
INV0240,I16
INV0240,I11
INV0240,I13
INV0240,I09
INV0241,I01
INV0241,I02
INV0241,I13
INV0241,I17
INV0241,I19
INV0242,I20
INV0242,I19
INV0242,I13
INV0242,I16
INV0243,I02
INV0243,I15
INV0243,I07
INV0243,I13
INV0243,I06
INV0244,I02
INV0244,I15
INV0244,I01
INV0244,I05
INV0244,I07
INV0245,I12
INV0245,I18
INV0245,I06
INV0245,I03
INV0246,I01
INV0246,I02
INV0246,I04
INV0246,I06
INV0246,I14
INV0246,I18
INV0247,I20
INV0247,I18
INV0247,I10
INV0248,I01
INV0248,I02
INV0248,I05
INV0248,I09
INV0248,I11
INV0248,I12
INV0248,I14
INV0248,I16
INV0249,I01
INV0249,I02
INV0249,I11
INV0249,I14
INV0250,I05
INV0250,I06
INV0250,I07
INV0250,I08
INV0250,I12
INV0250,I18
INV0251,I01
INV0251,I02
INV0251,I05
INV0251,I06
INV0251,I07
INV0251,I15
INV0251,I16
INV0251,I20
INV0252,I20
INV0252,I12
INV0252,I06
INV0253,I01
INV0253,I02
INV0253,I05
INV0253,I06
INV0253,I07
INV0253,I09
INV0253,I12
INV0253,I13
INV0253,I20
INV0254,I01
INV0254,I02
INV0254,I03
INV0254,I16
INV0254,I17
INV0254,I19
INV0255,I18
INV0255,I19
INV0256,I14
INV0256,I16
INV0256,I07
INV0256,I05
INV0257,I08
INV0257,I19
INV0258,I01
INV0258,I02
INV0258,I05
INV0258,I06
INV0258,I07
INV0258,I15
INV0258,I16
INV0259,I01
INV0259,I02
INV0259,I07
INV0259,I11
INV0260,I08
INV0260,I02
INV0260,I05
INV0260,I01
INV0260,I13
INV0260,I20
INV0261,I05
INV0261,I02
INV0261,I10
INV0262,I05
INV0262,I06
INV0262,I07
INV0262,I09
INV0262,I13
INV0262,I17
INV0263,I17
INV0263,I01
INV0263,I14
INV0263,I13
INV0263,I08
INV0264,I01
INV0264,I02
INV0264,I03
INV0264,I04
INV0264,I08
INV0264,I13
INV0265,I01
INV0265,I08
INV0265,I07
INV0265,I13
INV0265,I16
INV0266,I06
INV0266,I07
INV0266,I03
INV0266,I12
INV0266,I18
INV0266,I15
INV0266,I05
INV0267,I01
INV0267,I02
INV0267,I06
INV0267,I18
INV0268,I09
INV0268,I19
INV0268,I01
INV0269,I16
INV0269,I08
INV0269,I09
INV0269,I04
INV0270,I05
INV0270,I06
INV0270,I07
INV0270,I09
INV0270,I13
INV0270,I14
INV0270,I17
INV0270,I18
INV0270,I20
INV0271,I01
INV0271,I02
INV0271,I03
INV0271,I04
INV0271,I13
INV0271,I14
INV0271,I17
INV0272,I01
INV0272,I02
INV0272,I05
INV0272,I06
INV0272,I07
INV0273,I13
INV0273,I03
INV0274,I18
INV0274,I14
INV0275,I04
INV0275,I01
INV0275,I05
INV0275,I11
INV0275,I02
INV0276,I01
INV0276,I02
INV0276,I05
INV0276,I11
INV0276,I14
INV0276,I20
INV0277,I01
INV0277,I02
INV0277,I04
INV0277,I05
INV0277,I06
INV0277,I07
INV0277,I11
INV0277,I14
INV0278,I01
INV0278,I02
INV0278,I03
INV0278,I05
INV0278,I09
INV0278,I10
INV0278,I15
INV0278,I20
INV0279,I01
INV0279,I02
INV0279,I03
INV0279,I11
INV0279,I12
INV0279,I13
INV0279,I16
INV0280,I01
INV0280,I02
INV0280,I06
INV0280,I07
INV0280,I08
INV0280,I14
INV0281,I12
INV0281,I05
INV0281,I03
INV0281,I07
INV0281,I18
INV0281,I13
INV0281,I14
INV0282,I05
INV0282,I06
INV0282,I07
INV0282,I08
INV0282,I09
INV0282,I20
INV0283,I01
INV0283,I02
INV0283,I07
INV0283,I09
INV0283,I10
INV0283,I16
INV0284,I12
INV0284,I17
INV0284,I18
INV0284,I09
INV0284,I11
INV0284,I03
INV0284,I13
INV0285,I01
INV0285,I02
INV0285,I12
INV0285,I13
INV0285,I14
INV0285,I16
INV0285,I18
INV0285,I20
INV0286,I04
INV0286,I03
INV0286,I09
INV0287,I01
INV0287,I02
INV0287,I06
INV0287,I15
INV0287,I20
INV0288,I06
INV0288,I16
INV0288,I04
INV0289,I01
INV0289,I02
INV0289,I04
INV0289,I05
INV0289,I08
INV0289,I11
INV0290,I04
INV0290,I05
INV0290,I06
INV0290,I07
INV0290,I10
INV0290,I11
INV0290,I15
INV0290,I19
INV0291,I05
INV0291,I06
INV0291,I07
INV0291,I11
INV0291,I19
INV0291,I20
INV0292,I08
INV0292,I14
INV0292,I18
INV0293,I02
INV0293,I05
INV0293,I06
INV0293,I07
INV0293,I08
INV0293,I17
INV0293,I18
INV0294,I01
INV0294,I02
INV0295,I15
INV0295,I06
INV0295,I03
INV0296,I11
INV0296,I06
INV0296,I07
INV0296,I13
INV0297,I01
INV0297,I02
INV0297,I03
INV0297,I08
INV0297,I10
INV0297,I14
INV0297,I17
INV0298,I09
INV0298,I10
INV0299,I03
INV0299,I01
INV0299,I10
INV0299,I11
INV0299,I19
INV0299,I13
INV0299,I09
INV0300,I17
INV0300,I13
INV0301,I09
INV0301,I05
INV0301,I02
INV0301,I01
INV0302,I05
INV0302,I06
INV0302,I07
INV0302,I10
INV0302,I11
INV0302,I12
INV0302,I15
INV0302,I16
INV0302,I19
INV0303,I15
INV0303,I11
INV0303,I03
INV0303,I16
INV0303,I18
INV0303,I04
INV0304,I10
INV0304,I03
INV0304,I08
INV0304,I14
INV0304,I02
INV0304,I01
INV0305,I02
INV0305,I06
INV0305,I18
INV0306,I16
INV0306,I03
INV0306,I19
INV0306,I02
INV0306,I06
INV0306,I01
INV0307,I04
INV0307,I05
INV0307,I06
INV0307,I07
INV0307,I08
INV0307,I15
INV0308,I01
INV0308,I02
INV0308,I03
INV0308,I04
INV0308,I09
INV0308,I11
INV0308,I17
INV0308,I19
INV0308,I20
INV0309,I01
INV0309,I02
INV0309,I05
INV0309,I15
INV0310,I01
INV0310,I02
INV0310,I03
INV0310,I05
INV0310,I06
INV0310,I07
INV0310,I09
INV0310,I16
INV0310,I18
INV0311,I01
INV0311,I02
INV0311,I05
INV0311,I07
INV0311,I08
INV0311,I09
INV0311,I13
INV0311,I16
INV0311,I17
INV0312,I01
INV0312,I02
INV0312,I12
INV0312,I15
INV0313,I01
INV0313,I13
INV0314,I09
INV0314,I15
INV0314,I04
INV0314,I14
INV0314,I05
INV0314,I01
INV0315,I01
INV0315,I02
INV0315,I08
INV0315,I09
INV0315,I10
INV0315,I11
INV0315,I18
INV0316,I01
INV0316,I02
INV0316,I09
INV0316,I13
INV0317,I19
INV0317,I16
INV0317,I07
INV0317,I14
INV0317,I13
INV0318,I01
INV0318,I02
INV0318,I03
INV0318,I05
INV0318,I07
INV0318,I11
INV0318,I17
INV0318,I19
INV0318,I20
INV0319,I04
INV0319,I17
INV0319,I16
INV0319,I11
INV0319,I08
INV0320,I04
INV0320,I19
INV0320,I09
INV0320,I13
INV0320,I17
INV0321,I01
INV0321,I02
INV0321,I10
INV0321,I11
INV0321,I14
INV0321,I16
INV0322,I17
INV0322,I02
INV0323,I03
INV0323,I14
INV0324,I07
INV0324,I02
INV0325,I01
INV0325,I02
INV0325,I05
INV0325,I06
INV0325,I07
INV0325,I09
INV0325,I10
INV0325,I12
INV0325,I14
INV0325,I16
INV0326,I01
INV0326,I02
INV0326,I12
INV0326,I14
INV0327,I03
INV0327,I05
INV0327,I06
INV0327,I07
INV0327,I09
INV0327,I12
INV0327,I13
INV0327,I20
INV0328,I14
INV0328,I07
INV0328,I12
INV0328,I01
INV0328,I15
INV0329,I01
INV0329,I02
INV0329,I04
INV0329,I07
INV0329,I12
INV0330,I08
INV0330,I12
INV0330,I11
INV0331,I01
INV0331,I02
INV0331,I06
INV0331,I08
INV0331,I11
INV0331,I14
INV0331,I15
INV0331,I17
INV0332,I01
INV0332,I02
INV0332,I10
INV0332,I12
INV0332,I17
INV0332,I19
INV0333,I01
INV0333,I02
INV0333,I07
INV0333,I08
INV0333,I13
INV0333,I15
INV0334,I01
INV0334,I02
INV0334,I05
INV0334,I06
INV0334,I07
INV0334,I08
INV0334,I16
INV0334,I20
INV0335,I05
INV0335,I06
INV0335,I07
INV0335,I11
INV0335,I14
INV0336,I08
INV0336,I19
INV0336,I09
INV0336,I13
INV0337,I08
INV0337,I07
INV0337,I09
INV0337,I13
INV0338,I01
INV0338,I02
INV0338,I07
INV0338,I08
INV0338,I16
INV0338,I20
INV0339,I04
INV0339,I15
INV0340,I01
INV0340,I02
INV0340,I04
INV0340,I05
INV0340,I06
INV0340,I07
INV0340,I10
INV0340,I19
INV0340,I20
INV0341,I17
INV0341,I05
INV0341,I20
INV0341,I16
INV0342,I02
INV0342,I12
INV0342,I11
INV0343,I01
INV0343,I02
INV0343,I10
INV0343,I14
INV0343,I15
INV0343,I16
INV0343,I19
INV0344,I16
INV0344,I02
INV0345,I18
INV0345,I15
INV0345,I07
INV0345,I10
INV0345,I11
INV0346,I19
INV0346,I11
INV0346,I13
INV0346,I02
INV0347,I01
INV0347,I02
INV0347,I10
INV0347,I12
INV0347,I13
INV0347,I16
INV0347,I18
INV0348,I11
INV0348,I10
INV0349,I06
INV0349,I03
INV0349,I14
INV0349,I01
INV0349,I15
INV0349,I12
INV0350,I19
INV0350,I20
INV0350,I04
INV0351,I04
INV0351,I07
INV0351,I01
INV0352,I01
INV0352,I02
INV0352,I05
INV0352,I08
INV0352,I10
INV0352,I12
INV0352,I18
INV0353,I01
INV0353,I02
INV0353,I03
INV0353,I05
INV0353,I13
INV0353,I14
INV0354,I11
INV0354,I06
INV0354,I20
INV0354,I05
INV0354,I15
INV0355,I08
INV0355,I04
INV0355,I12
INV0355,I18
INV0355,I05
INV0355,I11
INV0355,I15
INV0356,I11
INV0356,I17
INV0356,I10
INV0356,I01
INV0356,I16
INV0357,I01
INV0357,I05
INV0357,I09
INV0357,I07
INV0357,I17
INV0357,I18
INV0357,I12
INV0358,I06
INV0358,I03
INV0358,I11
INV0358,I04
INV0358,I01
INV0358,I16
INV0358,I15
INV0359,I01
INV0359,I02
INV0359,I05
INV0359,I06
INV0359,I07
INV0359,I12
INV0359,I14
INV0359,I18
INV0359,I19
INV0360,I18
INV0360,I12
INV0360,I13
INV0360,I14
INV0360,I03
INV0361,I14
INV0361,I09
INV0361,I04
INV0361,I02
INV0361,I03
INV0361,I19
INV0362,I03
INV0362,I05
INV0362,I06
INV0362,I07
INV0362,I08
INV0362,I12
INV0362,I15
INV0363,I06
INV0363,I20
INV0364,I01
INV0364,I02
INV0364,I07
INV0364,I09
INV0364,I10
INV0364,I12
INV0364,I13
INV0364,I18
INV0365,I05
INV0365,I06
INV0365,I07
INV0365,I09
INV0365,I15
INV0365,I16
INV0365,I18
INV0366,I01
INV0366,I02
INV0366,I13
INV0366,I16
INV0366,I17
INV0366,I19
INV0367,I01
INV0367,I02
INV0367,I10
INV0367,I16
INV0367,I20
INV0368,I07
INV0368,I15
INV0369,I08
INV0369,I06
INV0369,I10
INV0369,I04
INV0370,I01
INV0370,I02
INV0370,I04
INV0370,I05
INV0370,I09
INV0370,I17
INV0371,I08
INV0371,I09
INV0371,I16
INV0371,I01
INV0371,I20
INV0372,I01
INV0372,I02
INV0372,I03
INV0372,I05
INV0373,I07
INV0373,I12
INV0373,I18
INV0374,I03
INV0374,I02
INV0374,I19
INV0374,I05
INV0374,I12
INV0374,I14
INV0375,I01
INV0375,I02
INV0375,I16
INV0376,I09
INV0376,I20
INV0376,I02
INV0376,I13
INV0376,I10
INV0376,I11
INV0377,I01
INV0377,I02
INV0377,I05
INV0377,I11
INV0377,I14
INV0377,I15
INV0377,I16
INV0377,I18
INV0377,I20
INV0378,I03
INV0378,I05
INV0378,I06
INV0378,I07
INV0378,I09
INV0378,I13
INV0378,I14
INV0378,I19
INV0379,I03
INV0379,I01
INV0379,I15
INV0379,I04
INV0380,I02
INV0380,I03
INV0380,I04
INV0380,I09
INV0380,I18
INV0381,I01
INV0381,I02
INV0381,I05
INV0381,I06
INV0381,I09
INV0381,I12
INV0381,I14
INV0382,I07
INV0382,I01
INV0382,I08
INV0382,I03
INV0382,I18
INV0382,I12
INV0383,I03
INV0383,I05
INV0383,I06
INV0383,I07
INV0383,I10
INV0383,I15
INV0383,I17
INV0384,I18
INV0384,I07
INV0384,I01
INV0384,I14
INV0384,I04
INV0385,I09
INV0385,I01
INV0385,I11
INV0385,I13
INV0385,I06
INV0386,I01
INV0386,I02
INV0386,I04
INV0386,I07
INV0386,I08
INV0386,I11
INV0386,I12
INV0386,I15
INV0387,I03
INV0387,I04
INV0387,I11
INV0387,I05
INV0388,I09
INV0388,I08
INV0389,I11
INV0389,I07
INV0389,I20
INV0390,I01
INV0390,I02
INV0390,I06
INV0390,I09
INV0391,I01
INV0391,I02
INV0391,I03
INV0391,I05
INV0391,I06
INV0391,I13
INV0391,I17
INV0391,I18
INV0392,I18
INV0392,I20
INV0392,I16
INV0392,I01
INV0392,I19
INV0392,I12
INV0392,I10
INV0393,I05
INV0393,I18
INV0393,I02
INV0393,I17
INV0394,I01
INV0394,I05
INV0394,I06
INV0394,I07
INV0394,I09
INV0394,I10
INV0394,I13
INV0394,I14
INV0394,I16
INV0394,I19
INV0395,I01
INV0395,I02
INV0395,I06
INV0395,I16
INV0396,I03
INV0396,I15
INV0396,I10
INV0396,I14
INV0396,I05
INV0397,I01
INV0397,I02
INV0397,I03
INV0397,I04
INV0397,I11
INV0397,I18
INV0398,I01
INV0398,I02
INV0398,I07
INV0398,I12
INV0398,I13
INV0398,I15
INV0398,I17
INV0398,I18
INV0399,I03
INV0399,I04
INV0399,I11
INV0399,I15
INV0399,I14
INV0400,I15
INV0400,I13
INV0400,I19
INV0400,I11
INV0400,I04
INV0400,I06
INV0401,I05
INV0401,I17
INV0401,I09
INV0401,I06
INV0401,I10
INV0402,I16
INV0402,I03
INV0402,I20
INV0402,I12
INV0402,I07
INV0402,I05
INV0402,I15
INV0403,I05
INV0403,I20
INV0403,I16
INV0404,I17
INV0404,I20
INV0404,I02
INV0404,I14
INV0404,I10
INV0405,I01
INV0405,I05
INV0405,I06
INV0405,I07
INV0405,I09
INV0405,I10
INV0405,I12
INV0405,I14
INV0405,I20
INV0406,I02
INV0406,I05
INV0406,I04
INV0406,I13
INV0406,I19
INV0407,I01
INV0407,I02
INV0407,I03
INV0407,I08
INV0407,I18
INV0407,I19
INV0408,I01
INV0408,I02
INV0408,I11
INV0408,I12
INV0408,I16
INV0409,I12
INV0409,I13
INV0409,I15
INV0409,I18
INV0409,I19
INV0409,I14
INV0409,I10
INV0410,I02
INV0410,I13
INV0410,I15
INV0411,I09
INV0411,I10
INV0411,I11
INV0412,I01
INV0412,I02
INV0412,I05
INV0412,I07
INV0412,I20
INV0413,I17
INV0413,I18
INV0414,I01
INV0414,I02
INV0414,I04
INV0414,I07
INV0414,I08
INV0414,I12
INV0415,I20
INV0415,I12
INV0416,I01
INV0416,I02
INV0416,I07
INV0416,I13
INV0416,I16
INV0416,I17
INV0416,I19
INV0417,I19
INV0417,I10
INV0417,I16
INV0417,I13
INV0418,I01
INV0418,I02
INV0418,I09
INV0418,I11
INV0418,I13
INV0418,I14
INV0418,I20
INV0419,I12
INV0419,I07
INV0419,I01
INV0419,I15
INV0419,I20
INV0419,I14
INV0419,I08
INV0420,I02
INV0420,I04
INV0420,I14
INV0420,I11
INV0420,I19
INV0420,I13
INV0421,I01
INV0421,I02
INV0421,I04
INV0421,I08
INV0421,I09
INV0421,I12
INV0421,I16
INV0421,I18
INV0422,I01
INV0422,I02
INV0422,I03
INV0422,I09
INV0422,I11
INV0422,I16
INV0422,I19
INV0423,I01
INV0423,I02
INV0423,I09
INV0423,I10
INV0423,I20
INV0424,I12
INV0424,I05
INV0424,I19
INV0424,I06
INV0425,I04
INV0425,I08
INV0425,I14
INV0425,I09
INV0425,I20
INV0425,I01
INV0426,I01
INV0426,I16
INV0426,I20
INV0427,I10
INV0427,I03
INV0427,I02
INV0427,I12
INV0428,I15
INV0428,I19
INV0428,I04
INV0428,I10
INV0429,I13
INV0429,I19
INV0429,I20
INV0429,I04
INV0429,I17
INV0429,I08
INV0430,I15
INV0430,I01
INV0430,I03
INV0430,I19
INV0430,I12
INV0431,I01
INV0431,I02
INV0431,I04
INV0431,I07
INV0431,I09
INV0431,I14
INV0431,I20
INV0432,I15
INV0432,I08
INV0432,I20
INV0432,I09
INV0432,I18
INV0432,I02
INV0432,I04
INV0433,I19
INV0433,I10
INV0433,I14
INV0433,I11
INV0433,I06
INV0433,I02
INV0434,I01
INV0434,I02
INV0434,I06
INV0434,I07
INV0434,I09
INV0434,I19
INV0435,I02
INV0435,I12
INV0436,I15
INV0436,I12
INV0436,I18
INV0436,I06
INV0436,I08
INV0437,I06
INV0437,I20
INV0437,I13
INV0438,I13
INV0438,I10
INV0438,I06
INV0438,I08
INV0438,I07
INV0438,I09
INV0439,I01
INV0439,I02
INV0439,I05
INV0439,I06
INV0439,I07
INV0439,I08
INV0439,I12
INV0439,I13
INV0439,I16
INV0440,I15
INV0440,I04
INV0440,I18
INV0440,I16
INV0440,I06
INV0441,I01
INV0441,I02
INV0441,I03
INV0441,I07
INV0441,I08
INV0441,I13
INV0441,I14
INV0441,I16
INV0441,I18
INV0442,I01
INV0442,I02
INV0442,I03
INV0442,I04
INV0442,I08
INV0442,I10
INV0442,I13
INV0442,I18
INV0443,I20
INV0443,I14
INV0443,I17
INV0443,I05
INV0443,I18
INV0443,I02
INV0443,I01
INV0444,I04
INV0444,I16
INV0444,I06
INV0445,I13
INV0445,I16
INV0445,I09
INV0445,I18
INV0445,I11
INV0445,I08
INV0445,I06
INV0446,I08
INV0446,I07
INV0446,I15
INV0446,I20
INV0447,I13
INV0447,I01
INV0447,I08
INV0447,I02
INV0448,I16
INV0448,I03
INV0448,I09
INV0448,I15
INV0449,I01
INV0449,I02
INV0449,I04
INV0449,I07
INV0449,I20
INV0450,I20
INV0450,I13
INV0450,I18
INV0450,I01
INV0450,I11
INV0450,I04
INV0450,I08
INV0451,I06
INV0451,I20
INV0451,I19
INV0451,I16
INV0451,I10
INV0452,I08
INV0452,I06
INV0452,I18
INV0452,I11
INV0452,I10
INV0452,I04
INV0452,I15
INV0453,I01
INV0453,I02
INV0453,I03
INV0453,I08
INV0453,I12
INV0453,I19
INV0454,I01
INV0454,I02
INV0454,I04
INV0454,I19
INV0455,I01
INV0455,I02
INV0455,I09
INV0455,I10
INV0455,I11
INV0455,I13
INV0455,I16
INV0455,I18
INV0456,I01
INV0456,I02
INV0456,I16
INV0456,I18
INV0457,I01
INV0457,I02
INV0457,I08
INV0457,I11
INV0457,I12
INV0457,I16
INV0457,I20
INV0458,I10
INV0458,I09
INV0458,I20
INV0458,I01
INV0459,I01
INV0459,I02
INV0459,I03
INV0459,I05
INV0459,I08
INV0459,I10
INV0459,I14
INV0459,I16
INV0459,I19
INV0460,I11
INV0460,I18
INV0461,I05
INV0461,I10
INV0461,I11
INV0461,I09
INV0462,I04
INV0462,I05
INV0462,I06
INV0462,I07
INV0462,I08
INV0462,I10
INV0462,I11
INV0462,I19
INV0462,I20
INV0463,I03
INV0463,I05
INV0463,I13
INV0463,I12
INV0464,I04
INV0464,I17
INV0464,I02
INV0464,I10
INV0464,I14
INV0464,I09
INV0465,I15
INV0465,I17
INV0466,I06
INV0466,I05
INV0466,I17
INV0466,I16
INV0467,I08
INV0467,I10
INV0467,I20
INV0467,I06
INV0467,I17
INV0468,I02
INV0468,I01
INV0468,I16
INV0468,I06
INV0468,I15
INV0468,I13
INV0468,I11
INV0469,I17
INV0469,I18
INV0469,I04
INV0469,I10
INV0469,I07
INV0469,I20
INV0469,I12
INV0470,I12
INV0470,I18
INV0470,I19
INV0470,I01
INV0471,I06
INV0471,I17
INV0471,I12
INV0471,I20
INV0471,I09
INV0471,I15
INV0471,I01
INV0472,I03
INV0472,I04
INV0472,I05
INV0472,I06
INV0472,I07
INV0472,I08
INV0472,I17
INV0472,I20
INV0473,I01
INV0473,I02
INV0473,I03
INV0473,I13
INV0473,I15
INV0473,I16
INV0474,I06
INV0474,I12
INV0474,I14
INV0474,I16
INV0474,I05
INV0474,I19
INV0474,I01
INV0475,I07
INV0475,I03
INV0475,I19
INV0475,I15
INV0475,I17
INV0476,I16
INV0476,I11
INV0476,I10
INV0476,I09
INV0477,I01
INV0477,I02
INV0477,I04
INV0477,I06
INV0477,I13
INV0477,I17
INV0477,I18
INV0477,I20
INV0478,I01
INV0478,I02
INV0478,I05
INV0478,I06
INV0478,I07
INV0478,I11
INV0479,I01
INV0479,I02
INV0479,I11
INV0479,I18
INV0479,I20
INV0480,I05
INV0480,I17
INV0480,I12
INV0480,I20
INV0480,I08
INV0481,I01
INV0481,I02
INV0481,I05
INV0481,I13
INV0481,I16
INV0481,I17
INV0482,I01
INV0482,I02
INV0482,I11
INV0482,I12
INV0482,I13
INV0482,I20
INV0483,I01
INV0483,I02
INV0483,I07
INV0483,I09
INV0483,I16
INV0484,I01
INV0484,I02
INV0484,I03
INV0484,I04
INV0484,I05
INV0484,I06
INV0484,I13
INV0484,I15
INV0485,I11
INV0485,I01
INV0485,I08
INV0485,I09
INV0485,I18
INV0486,I08
INV0486,I15
INV0487,I17
INV0487,I11
INV0487,I07
INV0488,I09
INV0488,I15
INV0488,I16
INV0488,I03
INV0488,I10
INV0488,I02
INV0488,I20
INV0489,I15
INV0489,I12
INV0489,I10
INV0489,I14
INV0490,I13
INV0490,I07
INV0490,I19
INV0490,I15
INV0490,I06
INV0490,I04
INV0491,I04
INV0491,I05
INV0491,I06
INV0491,I07
INV0491,I09
INV0491,I10
INV0491,I12
INV0491,I14
INV0491,I17
INV0492,I04
INV0492,I05
INV0492,I06
INV0492,I07
INV0492,I08
INV0492,I09
INV0492,I10
INV0492,I14
INV0492,I19
INV0492,I20
INV0493,I10
INV0493,I03
INV0493,I11
INV0494,I01
INV0494,I02
INV0494,I03
INV0494,I04
INV0494,I06
INV0494,I17
INV0494,I20
INV0495,I01
INV0495,I02
INV0495,I10
INV0495,I15
INV0495,I17
INV0495,I18
INV0495,I20
INV0496,I17
INV0496,I15
INV0497,I05
INV0497,I06
INV0497,I07
INV0497,I11
INV0497,I14
INV0497,I15
INV0497,I18
INV0497,I19
INV0498,I14
INV0498,I04
INV0498,I20
INV0499,I10
INV0499,I01
INV0499,I18
INV0499,I09
INV0500,I19
INV0500,I09
INV0500,I12
INV0500,I06
INV0500,I15
INV0500,I20
INV0500,I07
INV0501,I01
INV0501,I02
INV0501,I04
INV0501,I06
INV0501,I09
INV0501,I12
INV0501,I14
INV0501,I17
INV0502,I01
INV0502,I02
INV0502,I05
INV0502,I06
INV0502,I07
INV0502,I10
INV0503,I16
INV0503,I03
INV0503,I04
INV0503,I02
INV0503,I09
INV0503,I15
INV0504,I01
INV0504,I02
INV0504,I04
INV0504,I05
INV0504,I07
INV0504,I11
INV0504,I20
INV0505,I07
INV0505,I20
INV0506,I08
INV0506,I04
INV0506,I15
INV0506,I07
INV0506,I03
INV0506,I19
INV0507,I14
INV0507,I05
INV0508,I03
INV0508,I19
INV0508,I15
INV0508,I06
INV0508,I16
INV0509,I17
INV0509,I13
INV0509,I18
INV0509,I01
INV0509,I08
INV0509,I12
INV0509,I04
INV0510,I01
INV0510,I02
INV0510,I05
INV0510,I12
INV0510,I18
INV0510,I19
INV0511,I16
INV0511,I11
INV0511,I09
INV0511,I19
INV0511,I12
INV0511,I20
INV0512,I01
INV0512,I02
INV0512,I04
INV0512,I08
INV0512,I09
INV0512,I15
INV0513,I07
INV0513,I05
INV0514,I01
INV0514,I02
INV0514,I05
INV0514,I11
INV0514,I16
INV0515,I08
INV0515,I15
INV0515,I04
INV0515,I19
INV0515,I12
INV0516,I01
INV0516,I02
INV0516,I03
INV0516,I05
INV0516,I06
INV0516,I07
INV0516,I08
INV0516,I14
INV0516,I15
INV0516,I19
INV0517,I05
INV0517,I13
INV0517,I15
INV0517,I09
INV0517,I16
INV0517,I10
INV0518,I01
INV0518,I02
INV0518,I05
INV0518,I07
INV0518,I08
INV0518,I09
INV0518,I10
INV0518,I16
INV0518,I18
INV0519,I12
INV0519,I06
INV0519,I18
INV0519,I13
INV0520,I02
INV0520,I04
INV0520,I15
INV0520,I09
INV0520,I13
INV0521,I01
INV0521,I02
INV0521,I08
INV0521,I20
INV0522,I02
INV0522,I03
INV0522,I05
INV0522,I06
INV0522,I07
INV0522,I14
INV0522,I16
INV0522,I17
INV0522,I18
INV0523,I02
INV0523,I11
INV0524,I03
INV0524,I05
INV0525,I01
INV0525,I02
INV0525,I04
INV0525,I05
INV0525,I06
INV0525,I07
INV0525,I12
INV0525,I13
INV0526,I01
INV0526,I02
INV0526,I12
INV0526,I14
INV0526,I15
INV0526,I16
INV0526,I19
INV0527,I01
INV0527,I02
INV0527,I03
INV0527,I05
INV0527,I06
INV0527,I10
INV0527,I13
INV0527,I19
INV0527,I20
INV0528,I08
INV0528,I18
INV0528,I11
INV0528,I12
INV0528,I17
INV0529,I15
INV0529,I06
INV0529,I04
INV0529,I14
INV0529,I02
INV0529,I13
INV0529,I07
INV0530,I09
INV0530,I11
INV0530,I15
INV0530,I08
INV0530,I20
INV0530,I13
INV0531,I15
INV0531,I03
INV0531,I10
INV0532,I01
INV0532,I02
INV0532,I05
INV0532,I07
INV0532,I08
INV0532,I09
INV0533,I12
INV0533,I18
INV0533,I19
INV0533,I11
INV0534,I03
INV0534,I02
INV0534,I11
INV0534,I19
INV0534,I04
INV0535,I01
INV0535,I02
INV0535,I09
INV0535,I11
INV0536,I17
INV0536,I08
INV0536,I13
INV0536,I05
INV0536,I02
INV0536,I06
INV0536,I04
INV0537,I04
INV0537,I05
INV0537,I06
INV0537,I07
INV0537,I09
INV0537,I10
INV0537,I14
INV0537,I17
INV0538,I20
INV0538,I14
INV0539,I06
INV0539,I12
INV0539,I16
INV0539,I15
INV0539,I01
INV0539,I10
INV0539,I03
INV0540,I01
INV0540,I02
INV0540,I06
INV0540,I19
INV0540,I20
INV0541,I18
INV0541,I01
INV0541,I02
INV0541,I13
INV0541,I14
INV0541,I15
INV0542,I01
INV0542,I02
INV0542,I05
INV0542,I06
INV0542,I07
INV0542,I09
INV0542,I18
INV0543,I15
INV0543,I05
INV0543,I08
INV0544,I05
INV0544,I06
INV0544,I07
INV0544,I09
INV0544,I16
INV0545,I01
INV0545,I02
INV0545,I05
INV0545,I20
INV0546,I01
INV0546,I02
INV0546,I05
INV0546,I06
INV0546,I07
INV0546,I10
INV0546,I18
INV0547,I02
INV0547,I04
INV0547,I05
INV0547,I06
INV0547,I07
INV0547,I10
INV0547,I14
INV0547,I15
INV0547,I19
INV0548,I01
INV0548,I02
INV0548,I07
INV0548,I10
INV0548,I15
INV0548,I16
INV0549,I16
INV0549,I19
INV0549,I14
INV0550,I03
INV0550,I19
INV0550,I08
INV0550,I14
INV0550,I11
INV0550,I12
INV0551,I20
INV0551,I09
INV0551,I03
INV0551,I04
INV0551,I02
INV0551,I17
INV0551,I18
INV0552,I19
INV0552,I12
INV0553,I04
INV0553,I12
INV0553,I02
INV0553,I17
INV0554,I01
INV0554,I02
INV0554,I04
INV0554,I11
INV0555,I14
INV0555,I03
INV0555,I02
INV0555,I11
INV0555,I09
INV0555,I17
INV0556,I01
INV0556,I02
INV0556,I07
INV0556,I09
INV0556,I17
INV0557,I01
INV0557,I07
INV0557,I03
INV0557,I11
INV0557,I14
INV0557,I18
INV0558,I04
INV0558,I02
INV0558,I15
INV0559,I19
INV0559,I02
INV0559,I06
INV0559,I14
INV0560,I18
INV0560,I06
INV0560,I14
INV0561,I01
INV0561,I02
INV0561,I04
INV0561,I08
INV0561,I13
INV0561,I14
INV0561,I17
INV0561,I20
INV0562,I01
INV0562,I02
INV0562,I04
INV0562,I12
INV0562,I19
INV0563,I10
INV0563,I11
INV0563,I09
INV0563,I19
INV0564,I01
INV0564,I02
INV0564,I03
INV0564,I09
INV0564,I11
INV0564,I15
INV0564,I17
INV0564,I18
INV0565,I01
INV0565,I02
INV0565,I03
INV0565,I10
INV0565,I17
INV0565,I20
INV0566,I04
INV0566,I09
INV0566,I10
INV0567,I10
INV0567,I01
INV0567,I09
INV0567,I14
INV0567,I02
INV0567,I13
INV0567,I20
INV0568,I02
INV0568,I05
INV0568,I12
INV0568,I16
INV0568,I08
INV0568,I19
INV0568,I04
INV0569,I08
INV0569,I03
INV0570,I18
INV0570,I06
INV0570,I02
INV0570,I04
INV0570,I17
INV0570,I07
INV0571,I01
INV0571,I02
INV0571,I05
INV0571,I06
INV0571,I07
INV0571,I10
INV0571,I11
INV0571,I17
INV0572,I03
INV0572,I10
INV0572,I11
INV0572,I20
INV0572,I19
INV0573,I01
INV0573,I02
INV0573,I05
INV0573,I06
INV0573,I07
INV0573,I08
INV0573,I12
INV0574,I05
INV0574,I06
INV0574,I07
INV0574,I09
INV0574,I12
INV0574,I13
INV0574,I16
INV0574,I18
INV0575,I01
INV0575,I02
INV0575,I20
INV0575,I04
INV0575,I03
INV0575,I13
INV0576,I02
INV0576,I05
INV0576,I06
INV0577,I01
INV0577,I02
INV0577,I03
INV0577,I05
INV0577,I09
INV0577,I18
INV0578,I01
INV0578,I02
INV0579,I01
INV0579,I02
INV0579,I03
INV0579,I07
INV0579,I11
INV0579,I12
INV0580,I11
INV0580,I04
INV0580,I10
INV0580,I15
INV0580,I19
INV0580,I02
INV0581,I01
INV0581,I04
INV0581,I05
INV0581,I06
INV0581,I07
INV0581,I11
INV0581,I15
INV0581,I19
INV0581,I20
INV0582,I05
INV0582,I12
INV0582,I19
INV0582,I06
INV0582,I11
INV0583,I08
INV0583,I19
INV0583,I13
INV0583,I04
INV0583,I15
INV0583,I16
INV0584,I14
INV0584,I11
INV0584,I01
INV0584,I10
INV0584,I19
INV0584,I04
INV0585,I05
INV0585,I13
INV0586,I01
INV0586,I02
INV0586,I05
INV0586,I10
INV0587,I10
INV0587,I11
INV0588,I04
INV0588,I09
INV0588,I19
INV0588,I17
INV0588,I02
INV0588,I13
INV0589,I01
INV0589,I02
INV0589,I03
INV0589,I12
INV0590,I01
INV0590,I02
INV0590,I06
INV0590,I12
INV0591,I02
INV0591,I09
INV0591,I12
INV0591,I17
INV0591,I20
INV0592,I01
INV0592,I02
INV0592,I03
INV0592,I05
INV0592,I06
INV0592,I08
INV0592,I12
INV0592,I14
INV0592,I16
INV0593,I05
INV0593,I06
INV0593,I07
INV0593,I08
INV0593,I10
INV0593,I14
INV0593,I20
INV0594,I01
INV0594,I02
INV0594,I04
INV0594,I08
INV0594,I09
INV0594,I10
INV0594,I11
INV0594,I12
INV0595,I02
INV0595,I03
INV0595,I06
INV0596,I13
INV0596,I01
INV0596,I20
INV0596,I11
INV0596,I08
INV0596,I03
INV0596,I18
INV0597,I12
INV0597,I20
INV0597,I10
INV0597,I19
INV0597,I17
INV0597,I01
INV0597,I07
INV0598,I05
INV0598,I06
INV0598,I07
INV0598,I16
INV0598,I19
INV0599,I19
INV0599,I11
INV0599,I01
INV0599,I20
INV0599,I08
INV0600,I05
INV0600,I06
INV0600,I07
INV0600,I09
INV0600,I14
INV0600,I15
INV0600,I16
INV0600,I19
